filename,label
img10_100.jpg,0
img10_14.jpg,0
img10_34.jpg,0
img10_39.jpg,0
img10_42.jpg,0
img10_65.jpg,0
img10_66.jpg,0
img10_74.jpg,0
img10_85.jpg,0
img10_9.jpg,0
img10_98.jpg,0
img11_132.jpg,0
img11_15.jpg,0
img11_156.jpg,0
img11_16.jpg,0
img11_3.jpg,0
img11_34.jpg,0
img11_35.jpg,0
img11_36.jpg,0
img11_37.jpg,0
img11_39.jpg,0
img11_4.jpg,0
img11_41.jpg,0
img11_43.jpg,0
img11_44.jpg,0
img11_45.jpg,0
img11_46.jpg,0
img11_47.jpg,0
img11_49.jpg,0
img11_68.jpg,0
img11_8.jpg,0
img11_88.jpg,0
img11_90.jpg,0
img12_106.jpg,0
img12_113.jpg,0
img12_130.jpg,0
img12_142.jpg,0
img12_145.jpg,0
img12_155.jpg,0
img12_165.jpg,0
img12_169.jpg,0
img12_172.jpg,0
img12_173.jpg,0
img12_182.jpg,0
img12_183.jpg,0
img12_185.jpg,0
img12_186.jpg,0
img12_188.jpg,0
img12_192.jpg,0
img12_193.jpg,0
img12_201.jpg,0
img12_203.jpg,0
img12_204.jpg,0
img12_205.jpg,0
img12_206.jpg,0
img12_209.jpg,0
img12_210.jpg,0
img12_219.jpg,0
img12_224.jpg,0
img12_227.jpg,0
img12_231.jpg,0
img12_234.jpg,0
img12_235.jpg,0
img12_237.jpg,0
img12_240.jpg,0
img12_243.jpg,0
img12_244.jpg,0
img12_245.jpg,0
img12_28.jpg,0
img12_34.jpg,0
img12_40.jpg,0
img12_42.jpg,0
img12_49.jpg,0
img12_50.jpg,0
img12_53.jpg,0
img12_67.jpg,0
img12_70.jpg,0
img12_76.jpg,0
img12_79.jpg,0
img12_94.jpg,0
img12_99.jpg,0
img13_100.jpg,0
img13_103.jpg,0
img13_172.jpg,0
img13_211.jpg,0
img13_226.jpg,0
img13_245.jpg,0
img13_47.jpg,0
img13_61.jpg,0
img13_87.jpg,0
img13_88.jpg,0
img13_89.jpg,0
img13_90.jpg,0
img13_93.jpg,0
img13_96.jpg,0
img13_98.jpg,0
img14_198.jpg,0
img14_200.jpg,0
img14_212.jpg,0
img14_6.jpg,0
img16_10.jpg,0
img16_12.jpg,0
img16_13.jpg,0
img16_14.jpg,0
img16_15.jpg,0
img16_17.jpg,0
img16_18.jpg,0
img16_19.jpg,0
img16_20.jpg,0
img16_22.jpg,0
img16_23.jpg,0
img16_24.jpg,0
img16_25.jpg,0
img16_26.jpg,0
img16_27.jpg,0
img16_28.jpg,0
img16_29.jpg,0
img16_30.jpg,0
img16_31.jpg,0
img16_32.jpg,0
img16_33.jpg,0
img16_34.jpg,0
img16_35.jpg,0
img16_36.jpg,0
img16_37.jpg,0
img16_38.jpg,0
img16_39.jpg,0
img16_40.jpg,0
img16_41.jpg,0
img16_42.jpg,0
img16_43.jpg,0
img16_44.jpg,0
img16_48.jpg,0
img16_50.jpg,0
img16_51.jpg,0
img16_52.jpg,0
img16_53.jpg,0
img16_54.jpg,0
img16_55.jpg,0
img16_56.jpg,0
img16_57.jpg,0
img16_58.jpg,0
img16_59.jpg,0
img16_60.jpg,0
img16_61.jpg,0
img16_62.jpg,0
img16_63.jpg,0
img16_64.jpg,0
img16_65.jpg,0
img16_66.jpg,0
img16_7.jpg,0
img16_8.jpg,0
img16_9.jpg,0
img17_100.jpg,0
img17_143.jpg,0
img17_151.jpg,0
img17_154.jpg,0
img17_155.jpg,0
img17_16.jpg,0
img17_40.jpg,0
img17_44.jpg,0
img17_60.jpg,0
img17_81.jpg,0
img17_88.jpg,0
img18_10.jpg,0
img18_11.jpg,0
img18_17.jpg,0
img18_19.jpg,0
img18_21.jpg,0
img18_31.jpg,0
img18_47.jpg,0
img18_6.jpg,0
img18_75.jpg,0
img19_10.jpg,0
img19_11.jpg,0
img19_12.jpg,0
img19_16.jpg,0
img19_2.jpg,0
img19_21.jpg,0
img19_47.jpg,0
img19_8.jpg,0
img19_85.jpg,0
img19_9.jpg,0
img19_97.jpg,0
img1_10.jpg,0
img1_100.jpg,0
img1_122.jpg,0
img1_126.jpg,0
img1_127.jpg,0
img1_129.jpg,0
img1_134.jpg,0
img1_138.jpg,0
img1_149.jpg,0
img1_157.jpg,0
img1_158.jpg,0
img1_165.jpg,0
img1_166.jpg,0
img1_17.jpg,0
img1_185.jpg,0
img1_189.jpg,0
img1_20.jpg,0
img1_204.jpg,0
img1_211.jpg,0
img1_221.jpg,0
img1_224.jpg,0
img1_231.jpg,0
img1_248.jpg,0
img1_250.jpg,0
img1_251.jpg,0
img1_253.jpg,0
img1_254.jpg,0
img1_31.jpg,0
img1_36.jpg,0
img1_40.jpg,0
img1_5.jpg,0
img1_54.jpg,0
img1_61.jpg,0
img1_65.jpg,0
img1_68.jpg,0
img1_73.jpg,0
img1_74.jpg,0
img1_76.jpg,0
img1_77.jpg,0
img1_78.jpg,0
img1_80.jpg,0
img1_81.jpg,0
img1_82.jpg,0
img1_95.jpg,0
img1_96.jpg,0
img20_116.jpg,0
img20_143.jpg,0
img20_149.jpg,0
img20_16.jpg,0
img20_182.jpg,0
img20_183.jpg,0
img20_201.jpg,0
img20_22.jpg,0
img20_71.jpg,0
img20_95.jpg,0
img21_322.jpg,0
img21_365.jpg,0
img21_497.jpg,0
img21_65.jpg,0
img22_108.jpg,0
img22_11.jpg,0
img22_12.jpg,0
img22_120.jpg,0
img22_121.jpg,0
img22_122.jpg,0
img22_123.jpg,0
img22_124.jpg,0
img22_126.jpg,0
img22_127.jpg,0
img22_129.jpg,0
img22_133.jpg,0
img22_134.jpg,0
img22_135.jpg,0
img22_136.jpg,0
img22_16.jpg,0
img22_18.jpg,0
img22_19.jpg,0
img22_2.jpg,0
img22_21.jpg,0
img22_22.jpg,0
img22_25.jpg,0
img22_26.jpg,0
img22_30.jpg,0
img22_4.jpg,0
img22_40.jpg,0
img22_41.jpg,0
img22_44.jpg,0
img22_47.jpg,0
img22_6.jpg,0
img22_68.jpg,0
img22_69.jpg,0
img22_70.jpg,0
img22_71.jpg,0
img22_73.jpg,0
img22_75.jpg,0
img22_76.jpg,0
img22_77.jpg,0
img22_79.jpg,0
img22_80.jpg,0
img22_81.jpg,0
img22_87.jpg,0
img22_88.jpg,0
img22_89.jpg,0
img22_90.jpg,0
img22_91.jpg,0
img22_92.jpg,0
img23_10.jpg,0
img23_106.jpg,0
img23_151.jpg,0
img23_153.jpg,0
img23_177.jpg,0
img23_2.jpg,0
img23_213.jpg,0
img23_237.jpg,0
img23_61.jpg,0
img23_9.jpg,0
img23_95.jpg,0
img2_1.jpg,0
img2_26.jpg,0
img2_27.jpg,0
img2_3.jpg,0
img2_34.jpg,0
img2_4.jpg,0
img2_44.jpg,0
img2_47.jpg,0
img2_56.jpg,0
img2_61.jpg,0
img2_62.jpg,0
img2_73.jpg,0
img2_78.jpg,0
img3_132.jpg,0
img3_141.jpg,0
img3_19.jpg,0
img3_204.jpg,0
img3_62.jpg,0
img4_10.jpg,0
img4_101.jpg,0
img4_11.jpg,0
img4_13.jpg,0
img4_6.jpg,0
img4_66.jpg,0
img4_90.jpg,0
img4_95.jpg,0
img4_96.jpg,0
img5_101.jpg,0
img5_104.jpg,0
img5_105.jpg,0
img5_118.jpg,0
img5_12.jpg,0
img5_130.jpg,0
img5_131.jpg,0
img5_132.jpg,0
img5_133.jpg,0
img5_134.jpg,0
img5_135.jpg,0
img5_136.jpg,0
img5_137.jpg,0
img5_138.jpg,0
img5_14.jpg,0
img5_16.jpg,0
img5_163.jpg,0
img5_164.jpg,0
img5_166.jpg,0
img5_168.jpg,0
img5_188.jpg,0
img5_208.jpg,0
img5_22.jpg,0
img5_30.jpg,0
img5_39.jpg,0
img5_41.jpg,0
img5_55.jpg,0
img5_65.jpg,0
img5_74.jpg,0
img5_98.jpg,0
img6_150.jpg,0
img6_47.jpg,0
img6_56.jpg,0
img6_62.jpg,0
img6_7.jpg,0
img7_122.jpg,0
img7_128.jpg,0
img7_149.jpg,0
img7_17.jpg,0
img7_184.jpg,0
img7_200.jpg,0
img7_234.jpg,0
img7_41.jpg,0
img7_43.jpg,0
img7_54.jpg,0
img7_64.jpg,0
img7_88.jpg,0
img7_9.jpg,0
img7_94.jpg,0
img8_12.jpg,0
img8_121.jpg,0
img8_122.jpg,0
img8_137.jpg,0
img8_14.jpg,0
img8_154.jpg,0
img8_161.jpg,0
img8_172.jpg,0
img8_18.jpg,0
img8_184.jpg,0
img8_185.jpg,0
img8_205.jpg,0
img8_274.jpg,0
img8_275.jpg,0
img8_296.jpg,0
img8_3.jpg,0
img8_31.jpg,0
img8_312.jpg,0
img8_315.jpg,0
img8_44.jpg,0
img8_59.jpg,0
img8_63.jpg,0
img8_65.jpg,0
img8_66.jpg,0
img8_67.jpg,0
img8_69.jpg,0
img8_8.jpg,0
img8_83.jpg,0
img8_84.jpg,0
img8_86.jpg,0
img8_91.jpg,0
img9_107.jpg,0
img9_24.jpg,0
img9_44.jpg,0
img9_65.jpg,0
img10_1.jpg,1
img10_10.jpg,1
img10_101.jpg,1
img10_102.jpg,1
img10_103.jpg,1
img10_104.jpg,1
img10_105.jpg,1
img10_106.jpg,1
img10_107.jpg,1
img10_108.jpg,1
img10_109.jpg,1
img10_11.jpg,1
img10_110.jpg,1
img10_111.jpg,1
img10_113.jpg,1
img10_114.jpg,1
img10_115.jpg,1
img10_116.jpg,1
img10_117.jpg,1
img10_12.jpg,1
img10_13.jpg,1
img10_15.jpg,1
img10_17.jpg,1
img10_18.jpg,1
img10_19.jpg,1
img10_20.jpg,1
img10_23.jpg,1
img10_25.jpg,1
img10_26.jpg,1
img10_27.jpg,1
img10_28.jpg,1
img10_29.jpg,1
img10_31.jpg,1
img10_32.jpg,1
img10_33.jpg,1
img10_35.jpg,1
img10_36.jpg,1
img10_37.jpg,1
img10_38.jpg,1
img10_4.jpg,1
img10_40.jpg,1
img10_41.jpg,1
img10_45.jpg,1
img10_46.jpg,1
img10_48.jpg,1
img10_49.jpg,1
img10_5.jpg,1
img10_50.jpg,1
img10_51.jpg,1
img10_52.jpg,1
img10_53.jpg,1
img10_54.jpg,1
img10_55.jpg,1
img10_56.jpg,1
img10_57.jpg,1
img10_58.jpg,1
img10_6.jpg,1
img10_60.jpg,1
img10_61.jpg,1
img10_62.jpg,1
img10_63.jpg,1
img10_64.jpg,1
img10_67.jpg,1
img10_68.jpg,1
img10_69.jpg,1
img10_7.jpg,1
img10_70.jpg,1
img10_71.jpg,1
img10_72.jpg,1
img10_73.jpg,1
img10_75.jpg,1
img10_76.jpg,1
img10_79.jpg,1
img10_8.jpg,1
img10_80.jpg,1
img10_81.jpg,1
img10_82.jpg,1
img10_83.jpg,1
img10_84.jpg,1
img10_86.jpg,1
img10_87.jpg,1
img10_88.jpg,1
img10_89.jpg,1
img10_90.jpg,1
img10_91.jpg,1
img10_92.jpg,1
img10_93.jpg,1
img10_94.jpg,1
img10_95.jpg,1
img10_96.jpg,1
img10_97.jpg,1
img10_99.jpg,1
img11_1.jpg,1
img11_101.jpg,1
img11_102.jpg,1
img11_109.jpg,1
img11_11.jpg,1
img11_114.jpg,1
img11_115.jpg,1
img11_116.jpg,1
img11_118.jpg,1
img11_12.jpg,1
img11_120.jpg,1
img11_124.jpg,1
img11_126.jpg,1
img11_127.jpg,1
img11_129.jpg,1
img11_133.jpg,1
img11_134.jpg,1
img11_136.jpg,1
img11_137.jpg,1
img11_139.jpg,1
img11_14.jpg,1
img11_140.jpg,1
img11_141.jpg,1
img11_142.jpg,1
img11_143.jpg,1
img11_144.jpg,1
img11_145.jpg,1
img11_146.jpg,1
img11_147.jpg,1
img11_149.jpg,1
img11_150.jpg,1
img11_152.jpg,1
img11_154.jpg,1
img11_158.jpg,1
img11_160.jpg,1
img11_161.jpg,1
img11_162.jpg,1
img11_166.jpg,1
img11_167.jpg,1
img11_169.jpg,1
img11_170.jpg,1
img11_171.jpg,1
img11_173.jpg,1
img11_174.jpg,1
img11_176.jpg,1
img11_179.jpg,1
img11_184.jpg,1
img11_186.jpg,1
img11_187.jpg,1
img11_190.jpg,1
img11_20.jpg,1
img11_203.jpg,1
img11_204.jpg,1
img11_206.jpg,1
img11_216.jpg,1
img11_217.jpg,1
img11_218.jpg,1
img11_22.jpg,1
img11_220.jpg,1
img11_228.jpg,1
img11_23.jpg,1
img11_232.jpg,1
img11_25.jpg,1
img11_26.jpg,1
img11_28.jpg,1
img11_29.jpg,1
img11_30.jpg,1
img11_40.jpg,1
img11_42.jpg,1
img11_48.jpg,1
img11_5.jpg,1
img11_50.jpg,1
img11_51.jpg,1
img11_52.jpg,1
img11_56.jpg,1
img11_57.jpg,1
img11_6.jpg,1
img11_61.jpg,1
img11_62.jpg,1
img11_64.jpg,1
img11_66.jpg,1
img11_69.jpg,1
img11_7.jpg,1
img11_70.jpg,1
img11_71.jpg,1
img11_72.jpg,1
img11_73.jpg,1
img11_74.jpg,1
img11_75.jpg,1
img11_76.jpg,1
img11_78.jpg,1
img11_81.jpg,1
img11_9.jpg,1
img11_91.jpg,1
img11_93.jpg,1
img11_94.jpg,1
img11_95.jpg,1
img11_96.jpg,1
img11_98.jpg,1
img12_1.jpg,1
img12_10.jpg,1
img12_100.jpg,1
img12_101.jpg,1
img12_102.jpg,1
img12_103.jpg,1
img12_104.jpg,1
img12_105.jpg,1
img12_107.jpg,1
img12_108.jpg,1
img12_109.jpg,1
img12_11.jpg,1
img12_110.jpg,1
img12_111.jpg,1
img12_112.jpg,1
img12_114.jpg,1
img12_115.jpg,1
img12_116.jpg,1
img12_117.jpg,1
img12_118.jpg,1
img12_119.jpg,1
img12_12.jpg,1
img12_121.jpg,1
img12_122.jpg,1
img12_123.jpg,1
img12_124.jpg,1
img12_126.jpg,1
img12_127.jpg,1
img12_128.jpg,1
img12_129.jpg,1
img12_131.jpg,1
img12_132.jpg,1
img12_133.jpg,1
img12_134.jpg,1
img12_135.jpg,1
img12_136.jpg,1
img12_137.jpg,1
img12_138.jpg,1
img12_139.jpg,1
img12_14.jpg,1
img12_140.jpg,1
img12_141.jpg,1
img12_143.jpg,1
img12_144.jpg,1
img12_146.jpg,1
img12_147.jpg,1
img12_148.jpg,1
img12_149.jpg,1
img12_15.jpg,1
img12_150.jpg,1
img12_152.jpg,1
img12_153.jpg,1
img12_154.jpg,1
img12_156.jpg,1
img12_157.jpg,1
img12_158.jpg,1
img12_159.jpg,1
img12_160.jpg,1
img12_161.jpg,1
img12_162.jpg,1
img12_163.jpg,1
img12_164.jpg,1
img12_166.jpg,1
img12_167.jpg,1
img12_168.jpg,1
img12_170.jpg,1
img12_171.jpg,1
img12_174.jpg,1
img12_176.jpg,1
img12_177.jpg,1
img12_178.jpg,1
img12_18.jpg,1
img12_180.jpg,1
img12_181.jpg,1
img12_184.jpg,1
img12_187.jpg,1
img12_189.jpg,1
img12_19.jpg,1
img12_190.jpg,1
img12_191.jpg,1
img12_194.jpg,1
img12_195.jpg,1
img12_197.jpg,1
img12_198.jpg,1
img12_199.jpg,1
img12_2.jpg,1
img12_20.jpg,1
img12_200.jpg,1
img12_202.jpg,1
img12_207.jpg,1
img12_208.jpg,1
img12_21.jpg,1
img12_211.jpg,1
img12_212.jpg,1
img12_213.jpg,1
img12_214.jpg,1
img12_215.jpg,1
img12_217.jpg,1
img12_218.jpg,1
img12_22.jpg,1
img12_221.jpg,1
img12_222.jpg,1
img12_223.jpg,1
img12_225.jpg,1
img12_226.jpg,1
img12_228.jpg,1
img12_229.jpg,1
img12_23.jpg,1
img12_230.jpg,1
img12_232.jpg,1
img12_233.jpg,1
img12_236.jpg,1
img12_238.jpg,1
img12_239.jpg,1
img12_24.jpg,1
img12_241.jpg,1
img12_242.jpg,1
img12_246.jpg,1
img12_25.jpg,1
img12_26.jpg,1
img12_27.jpg,1
img12_29.jpg,1
img12_3.jpg,1
img12_31.jpg,1
img12_32.jpg,1
img12_33.jpg,1
img12_35.jpg,1
img12_36.jpg,1
img12_37.jpg,1
img12_38.jpg,1
img12_39.jpg,1
img12_4.jpg,1
img12_41.jpg,1
img12_43.jpg,1
img12_44.jpg,1
img12_45.jpg,1
img12_46.jpg,1
img12_47.jpg,1
img12_48.jpg,1
img12_5.jpg,1
img12_51.jpg,1
img12_52.jpg,1
img12_54.jpg,1
img12_55.jpg,1
img12_56.jpg,1
img12_57.jpg,1
img12_58.jpg,1
img12_59.jpg,1
img12_6.jpg,1
img12_60.jpg,1
img12_61.jpg,1
img12_63.jpg,1
img12_64.jpg,1
img12_65.jpg,1
img12_66.jpg,1
img12_68.jpg,1
img12_69.jpg,1
img12_71.jpg,1
img12_72.jpg,1
img12_73.jpg,1
img12_74.jpg,1
img12_75.jpg,1
img12_77.jpg,1
img12_78.jpg,1
img12_80.jpg,1
img12_81.jpg,1
img12_82.jpg,1
img12_83.jpg,1
img12_84.jpg,1
img12_85.jpg,1
img12_86.jpg,1
img12_87.jpg,1
img12_88.jpg,1
img12_90.jpg,1
img12_91.jpg,1
img12_92.jpg,1
img12_93.jpg,1
img12_95.jpg,1
img12_96.jpg,1
img12_97.jpg,1
img12_98.jpg,1
img13_1.jpg,1
img13_101.jpg,1
img13_105.jpg,1
img13_107.jpg,1
img13_11.jpg,1
img13_111.jpg,1
img13_115.jpg,1
img13_118.jpg,1
img13_120.jpg,1
img13_122.jpg,1
img13_123.jpg,1
img13_124.jpg,1
img13_127.jpg,1
img13_128.jpg,1
img13_130.jpg,1
img13_138.jpg,1
img13_139.jpg,1
img13_14.jpg,1
img13_140.jpg,1
img13_143.jpg,1
img13_144.jpg,1
img13_146.jpg,1
img13_148.jpg,1
img13_157.jpg,1
img13_159.jpg,1
img13_16.jpg,1
img13_17.jpg,1
img13_171.jpg,1
img13_178.jpg,1
img13_18.jpg,1
img13_182.jpg,1
img13_187.jpg,1
img13_192.jpg,1
img13_193.jpg,1
img13_197.jpg,1
img13_198.jpg,1
img13_200.jpg,1
img13_201.jpg,1
img13_202.jpg,1
img13_206.jpg,1
img13_207.jpg,1
img13_21.jpg,1
img13_213.jpg,1
img13_218.jpg,1
img13_219.jpg,1
img13_22.jpg,1
img13_223.jpg,1
img13_225.jpg,1
img13_228.jpg,1
img13_229.jpg,1
img13_23.jpg,1
img13_231.jpg,1
img13_233.jpg,1
img13_237.jpg,1
img13_238.jpg,1
img13_239.jpg,1
img13_24.jpg,1
img13_241.jpg,1
img13_244.jpg,1
img13_250.jpg,1
img13_252.jpg,1
img13_254.jpg,1
img13_257.jpg,1
img13_258.jpg,1
img13_259.jpg,1
img13_26.jpg,1
img13_266.jpg,1
img13_278.jpg,1
img13_280.jpg,1
img13_284.jpg,1
img13_286.jpg,1
img13_287.jpg,1
img13_288.jpg,1
img13_289.jpg,1
img13_29.jpg,1
img13_299.jpg,1
img13_3.jpg,1
img13_307.jpg,1
img13_311.jpg,1
img13_32.jpg,1
img13_35.jpg,1
img13_41.jpg,1
img13_42.jpg,1
img13_43.jpg,1
img13_44.jpg,1
img13_45.jpg,1
img13_46.jpg,1
img13_5.jpg,1
img13_51.jpg,1
img13_54.jpg,1
img13_56.jpg,1
img13_57.jpg,1
img13_59.jpg,1
img13_6.jpg,1
img13_66.jpg,1
img13_67.jpg,1
img13_68.jpg,1
img13_71.jpg,1
img13_72.jpg,1
img13_76.jpg,1
img13_80.jpg,1
img13_81.jpg,1
img13_84.jpg,1
img13_91.jpg,1
img13_94.jpg,1
img13_95.jpg,1
img13_97.jpg,1
img13_99.jpg,1
img14_1.jpg,1
img14_10.jpg,1
img14_100.jpg,1
img14_103.jpg,1
img14_104.jpg,1
img14_105.jpg,1
img14_106.jpg,1
img14_107.jpg,1
img14_110.jpg,1
img14_115.jpg,1
img14_116.jpg,1
img14_124.jpg,1
img14_125.jpg,1
img14_127.jpg,1
img14_129.jpg,1
img14_13.jpg,1
img14_130.jpg,1
img14_133.jpg,1
img14_138.jpg,1
img14_139.jpg,1
img14_140.jpg,1
img14_152.jpg,1
img14_156.jpg,1
img14_159.jpg,1
img14_165.jpg,1
img14_169.jpg,1
img14_17.jpg,1
img14_171.jpg,1
img14_172.jpg,1
img14_174.jpg,1
img14_175.jpg,1
img14_177.jpg,1
img14_18.jpg,1
img14_19.jpg,1
img14_194.jpg,1
img14_197.jpg,1
img14_2.jpg,1
img14_20.jpg,1
img14_203.jpg,1
img14_204.jpg,1
img14_206.jpg,1
img14_22.jpg,1
img14_24.jpg,1
img14_3.jpg,1
img14_34.jpg,1
img14_4.jpg,1
img14_47.jpg,1
img14_53.jpg,1
img14_60.jpg,1
img14_63.jpg,1
img14_65.jpg,1
img14_66.jpg,1
img14_75.jpg,1
img14_8.jpg,1
img14_81.jpg,1
img14_83.jpg,1
img14_87.jpg,1
img14_9.jpg,1
img14_93.jpg,1
img14_94.jpg,1
img14_96.jpg,1
img14_98.jpg,1
img14_99.jpg,1
img16_16.jpg,1
img16_2.jpg,1
img16_21.jpg,1
img16_3.jpg,1
img16_45.jpg,1
img16_46.jpg,1
img16_47.jpg,1
img16_49.jpg,1
img16_6.jpg,1
img17_101.jpg,1
img17_102.jpg,1
img17_109.jpg,1
img17_113.jpg,1
img17_117.jpg,1
img17_118.jpg,1
img17_121.jpg,1
img17_126.jpg,1
img17_134.jpg,1
img17_142.jpg,1
img17_145.jpg,1
img17_146.jpg,1
img17_149.jpg,1
img17_152.jpg,1
img17_160.jpg,1
img17_164.jpg,1
img17_25.jpg,1
img17_26.jpg,1
img17_28.jpg,1
img17_29.jpg,1
img17_34.jpg,1
img17_36.jpg,1
img17_37.jpg,1
img17_42.jpg,1
img17_47.jpg,1
img17_51.jpg,1
img17_56.jpg,1
img17_62.jpg,1
img17_63.jpg,1
img17_65.jpg,1
img17_69.jpg,1
img17_70.jpg,1
img17_76.jpg,1
img17_77.jpg,1
img17_80.jpg,1
img17_82.jpg,1
img17_89.jpg,1
img17_94.jpg,1
img17_95.jpg,1
img17_97.jpg,1
img17_99.jpg,1
img18_1.jpg,1
img18_2.jpg,1
img18_26.jpg,1
img18_28.jpg,1
img18_29.jpg,1
img18_3.jpg,1
img18_33.jpg,1
img18_39.jpg,1
img18_4.jpg,1
img18_43.jpg,1
img18_44.jpg,1
img18_48.jpg,1
img18_49.jpg,1
img18_5.jpg,1
img18_50.jpg,1
img18_51.jpg,1
img18_52.jpg,1
img18_57.jpg,1
img18_60.jpg,1
img18_65.jpg,1
img18_7.jpg,1
img18_71.jpg,1
img18_72.jpg,1
img18_74.jpg,1
img18_76.jpg,1
img18_78.jpg,1
img18_79.jpg,1
img18_8.jpg,1
img18_80.jpg,1
img19_1.jpg,1
img19_100.jpg,1
img19_102.jpg,1
img19_103.jpg,1
img19_104.jpg,1
img19_105.jpg,1
img19_106.jpg,1
img19_107.jpg,1
img19_110.jpg,1
img19_112.jpg,1
img19_113.jpg,1
img19_114.jpg,1
img19_115.jpg,1
img19_116.jpg,1
img19_117.jpg,1
img19_13.jpg,1
img19_14.jpg,1
img19_17.jpg,1
img19_18.jpg,1
img19_19.jpg,1
img19_20.jpg,1
img19_22.jpg,1
img19_23.jpg,1
img19_24.jpg,1
img19_26.jpg,1
img19_27.jpg,1
img19_28.jpg,1
img19_29.jpg,1
img19_31.jpg,1
img19_34.jpg,1
img19_36.jpg,1
img19_37.jpg,1
img19_38.jpg,1
img19_39.jpg,1
img19_40.jpg,1
img19_41.jpg,1
img19_42.jpg,1
img19_44.jpg,1
img19_48.jpg,1
img19_49.jpg,1
img19_5.jpg,1
img19_50.jpg,1
img19_54.jpg,1
img19_57.jpg,1
img19_58.jpg,1
img19_59.jpg,1
img19_60.jpg,1
img19_61.jpg,1
img19_62.jpg,1
img19_63.jpg,1
img19_64.jpg,1
img19_66.jpg,1
img19_67.jpg,1
img19_7.jpg,1
img19_70.jpg,1
img19_71.jpg,1
img19_74.jpg,1
img19_75.jpg,1
img19_76.jpg,1
img19_77.jpg,1
img19_78.jpg,1
img19_79.jpg,1
img19_80.jpg,1
img19_81.jpg,1
img19_82.jpg,1
img19_83.jpg,1
img19_86.jpg,1
img19_87.jpg,1
img19_89.jpg,1
img19_90.jpg,1
img19_91.jpg,1
img19_92.jpg,1
img19_93.jpg,1
img19_94.jpg,1
img19_95.jpg,1
img19_96.jpg,1
img1_1.jpg,1
img1_101.jpg,1
img1_102.jpg,1
img1_103.jpg,1
img1_105.jpg,1
img1_107.jpg,1
img1_108.jpg,1
img1_109.jpg,1
img1_110.jpg,1
img1_112.jpg,1
img1_113.jpg,1
img1_114.jpg,1
img1_115.jpg,1
img1_116.jpg,1
img1_117.jpg,1
img1_118.jpg,1
img1_119.jpg,1
img1_120.jpg,1
img1_121.jpg,1
img1_123.jpg,1
img1_124.jpg,1
img1_125.jpg,1
img1_128.jpg,1
img1_13.jpg,1
img1_130.jpg,1
img1_131.jpg,1
img1_132.jpg,1
img1_133.jpg,1
img1_136.jpg,1
img1_137.jpg,1
img1_141.jpg,1
img1_15.jpg,1
img1_150.jpg,1
img1_152.jpg,1
img1_16.jpg,1
img1_160.jpg,1
img1_161.jpg,1
img1_162.jpg,1
img1_163.jpg,1
img1_164.jpg,1
img1_167.jpg,1
img1_169.jpg,1
img1_171.jpg,1
img1_172.jpg,1
img1_173.jpg,1
img1_174.jpg,1
img1_175.jpg,1
img1_177.jpg,1
img1_18.jpg,1
img1_180.jpg,1
img1_181.jpg,1
img1_182.jpg,1
img1_183.jpg,1
img1_184.jpg,1
img1_186.jpg,1
img1_187.jpg,1
img1_188.jpg,1
img1_190.jpg,1
img1_191.jpg,1
img1_192.jpg,1
img1_193.jpg,1
img1_195.jpg,1
img1_196.jpg,1
img1_197.jpg,1
img1_199.jpg,1
img1_2.jpg,1
img1_200.jpg,1
img1_201.jpg,1
img1_202.jpg,1
img1_203.jpg,1
img1_207.jpg,1
img1_208.jpg,1
img1_209.jpg,1
img1_210.jpg,1
img1_212.jpg,1
img1_213.jpg,1
img1_214.jpg,1
img1_215.jpg,1
img1_216.jpg,1
img1_217.jpg,1
img1_225.jpg,1
img1_226.jpg,1
img1_227.jpg,1
img1_228.jpg,1
img1_229.jpg,1
img1_23.jpg,1
img1_230.jpg,1
img1_233.jpg,1
img1_236.jpg,1
img1_237.jpg,1
img1_239.jpg,1
img1_242.jpg,1
img1_243.jpg,1
img1_244.jpg,1
img1_247.jpg,1
img1_249.jpg,1
img1_25.jpg,1
img1_255.jpg,1
img1_256.jpg,1
img1_26.jpg,1
img1_27.jpg,1
img1_28.jpg,1
img1_29.jpg,1
img1_30.jpg,1
img1_34.jpg,1
img1_35.jpg,1
img1_37.jpg,1
img1_39.jpg,1
img1_41.jpg,1
img1_42.jpg,1
img1_43.jpg,1
img1_44.jpg,1
img1_45.jpg,1
img1_46.jpg,1
img1_48.jpg,1
img1_49.jpg,1
img1_50.jpg,1
img1_51.jpg,1
img1_52.jpg,1
img1_53.jpg,1
img1_55.jpg,1
img1_56.jpg,1
img1_57.jpg,1
img1_58.jpg,1
img1_59.jpg,1
img1_6.jpg,1
img1_60.jpg,1
img1_66.jpg,1
img1_67.jpg,1
img1_69.jpg,1
img1_70.jpg,1
img1_71.jpg,1
img1_75.jpg,1
img1_79.jpg,1
img1_83.jpg,1
img1_84.jpg,1
img1_85.jpg,1
img1_86.jpg,1
img1_87.jpg,1
img1_88.jpg,1
img1_90.jpg,1
img1_93.jpg,1
img1_97.jpg,1
img1_98.jpg,1
img1_99.jpg,1
img20_10.jpg,1
img20_102.jpg,1
img20_103.jpg,1
img20_104.jpg,1
img20_105.jpg,1
img20_106.jpg,1
img20_109.jpg,1
img20_11.jpg,1
img20_110.jpg,1
img20_114.jpg,1
img20_115.jpg,1
img20_119.jpg,1
img20_12.jpg,1
img20_120.jpg,1
img20_123.jpg,1
img20_128.jpg,1
img20_129.jpg,1
img20_13.jpg,1
img20_130.jpg,1
img20_131.jpg,1
img20_133.jpg,1
img20_135.jpg,1
img20_141.jpg,1
img20_142.jpg,1
img20_145.jpg,1
img20_147.jpg,1
img20_148.jpg,1
img20_153.jpg,1
img20_154.jpg,1
img20_155.jpg,1
img20_156.jpg,1
img20_157.jpg,1
img20_158.jpg,1
img20_160.jpg,1
img20_161.jpg,1
img20_162.jpg,1
img20_163.jpg,1
img20_164.jpg,1
img20_168.jpg,1
img20_169.jpg,1
img20_17.jpg,1
img20_170.jpg,1
img20_171.jpg,1
img20_175.jpg,1
img20_176.jpg,1
img20_18.jpg,1
img20_184.jpg,1
img20_185.jpg,1
img20_186.jpg,1
img20_187.jpg,1
img20_189.jpg,1
img20_190.jpg,1
img20_191.jpg,1
img20_193.jpg,1
img20_198.jpg,1
img20_199.jpg,1
img20_2.jpg,1
img20_200.jpg,1
img20_202.jpg,1
img20_28.jpg,1
img20_30.jpg,1
img20_4.jpg,1
img20_42.jpg,1
img20_43.jpg,1
img20_48.jpg,1
img20_5.jpg,1
img20_53.jpg,1
img20_55.jpg,1
img20_58.jpg,1
img20_59.jpg,1
img20_6.jpg,1
img20_60.jpg,1
img20_61.jpg,1
img20_65.jpg,1
img20_66.jpg,1
img20_68.jpg,1
img20_69.jpg,1
img20_7.jpg,1
img20_73.jpg,1
img20_75.jpg,1
img20_77.jpg,1
img20_80.jpg,1
img20_81.jpg,1
img20_86.jpg,1
img20_88.jpg,1
img20_90.jpg,1
img20_91.jpg,1
img20_92.jpg,1
img20_94.jpg,1
img20_97.jpg,1
img21_1.jpg,1
img21_10.jpg,1
img21_100.jpg,1
img21_101.jpg,1
img21_103.jpg,1
img21_104.jpg,1
img21_105.jpg,1
img21_106.jpg,1
img21_108.jpg,1
img21_109.jpg,1
img21_11.jpg,1
img21_110.jpg,1
img21_115.jpg,1
img21_119.jpg,1
img21_12.jpg,1
img21_120.jpg,1
img21_121.jpg,1
img21_123.jpg,1
img21_125.jpg,1
img21_13.jpg,1
img21_130.jpg,1
img21_133.jpg,1
img21_14.jpg,1
img21_141.jpg,1
img21_142.jpg,1
img21_148.jpg,1
img21_15.jpg,1
img21_151.jpg,1
img21_156.jpg,1
img21_159.jpg,1
img21_16.jpg,1
img21_161.jpg,1
img21_162.jpg,1
img21_163.jpg,1
img21_165.jpg,1
img21_166.jpg,1
img21_167.jpg,1
img21_168.jpg,1
img21_17.jpg,1
img21_170.jpg,1
img21_171.jpg,1
img21_172.jpg,1
img21_173.jpg,1
img21_174.jpg,1
img21_176.jpg,1
img21_177.jpg,1
img21_18.jpg,1
img21_180.jpg,1
img21_181.jpg,1
img21_19.jpg,1
img21_197.jpg,1
img21_2.jpg,1
img21_200.jpg,1
img21_202.jpg,1
img21_207.jpg,1
img21_208.jpg,1
img21_209.jpg,1
img21_21.jpg,1
img21_212.jpg,1
img21_213.jpg,1
img21_222.jpg,1
img21_226.jpg,1
img21_227.jpg,1
img21_229.jpg,1
img21_23.jpg,1
img21_230.jpg,1
img21_231.jpg,1
img21_233.jpg,1
img21_234.jpg,1
img21_235.jpg,1
img21_237.jpg,1
img21_239.jpg,1
img21_24.jpg,1
img21_240.jpg,1
img21_241.jpg,1
img21_242.jpg,1
img21_243.jpg,1
img21_244.jpg,1
img21_246.jpg,1
img21_247.jpg,1
img21_249.jpg,1
img21_251.jpg,1
img21_252.jpg,1
img21_253.jpg,1
img21_257.jpg,1
img21_258.jpg,1
img21_259.jpg,1
img21_263.jpg,1
img21_280.jpg,1
img21_281.jpg,1
img21_283.jpg,1
img21_285.jpg,1
img21_286.jpg,1
img21_289.jpg,1
img21_290.jpg,1
img21_292.jpg,1
img21_293.jpg,1
img21_294.jpg,1
img21_298.jpg,1
img21_3.jpg,1
img21_307.jpg,1
img21_308.jpg,1
img21_310.jpg,1
img21_312.jpg,1
img21_313.jpg,1
img21_315.jpg,1
img21_316.jpg,1
img21_317.jpg,1
img21_318.jpg,1
img21_324.jpg,1
img21_326.jpg,1
img21_327.jpg,1
img21_329.jpg,1
img21_330.jpg,1
img21_331.jpg,1
img21_332.jpg,1
img21_333.jpg,1
img21_334.jpg,1
img21_342.jpg,1
img21_343.jpg,1
img21_344.jpg,1
img21_348.jpg,1
img21_358.jpg,1
img21_361.jpg,1
img21_362.jpg,1
img21_364.jpg,1
img21_368.jpg,1
img21_369.jpg,1
img21_372.jpg,1
img21_374.jpg,1
img21_381.jpg,1
img21_389.jpg,1
img21_391.jpg,1
img21_392.jpg,1
img21_398.jpg,1
img21_399.jpg,1
img21_400.jpg,1
img21_401.jpg,1
img21_402.jpg,1
img21_403.jpg,1
img21_404.jpg,1
img21_405.jpg,1
img21_408.jpg,1
img21_409.jpg,1
img21_410.jpg,1
img21_411.jpg,1
img21_412.jpg,1
img21_414.jpg,1
img21_416.jpg,1
img21_419.jpg,1
img21_422.jpg,1
img21_423.jpg,1
img21_428.jpg,1
img21_429.jpg,1
img21_433.jpg,1
img21_435.jpg,1
img21_436.jpg,1
img21_437.jpg,1
img21_442.jpg,1
img21_443.jpg,1
img21_458.jpg,1
img21_464.jpg,1
img21_467.jpg,1
img21_472.jpg,1
img21_473.jpg,1
img21_474.jpg,1
img21_477.jpg,1
img21_478.jpg,1
img21_480.jpg,1
img21_490.jpg,1
img21_494.jpg,1
img21_498.jpg,1
img21_5.jpg,1
img21_505.jpg,1
img21_506.jpg,1
img21_514.jpg,1
img21_516.jpg,1
img21_517.jpg,1
img21_519.jpg,1
img21_520.jpg,1
img21_522.jpg,1
img21_523.jpg,1
img21_527.jpg,1
img21_532.jpg,1
img21_533.jpg,1
img21_537.jpg,1
img21_538.jpg,1
img21_542.jpg,1
img21_545.jpg,1
img21_550.jpg,1
img21_551.jpg,1
img21_552.jpg,1
img21_553.jpg,1
img21_554.jpg,1
img21_555.jpg,1
img21_557.jpg,1
img21_558.jpg,1
img21_560.jpg,1
img21_563.jpg,1
img21_569.jpg,1
img21_571.jpg,1
img21_573.jpg,1
img21_581.jpg,1
img21_585.jpg,1
img21_588.jpg,1
img21_589.jpg,1
img21_597.jpg,1
img21_6.jpg,1
img21_604.jpg,1
img21_605.jpg,1
img21_610.jpg,1
img21_615.jpg,1
img21_617.jpg,1
img21_619.jpg,1
img21_62.jpg,1
img21_620.jpg,1
img21_622.jpg,1
img21_625.jpg,1
img21_626.jpg,1
img21_635.jpg,1
img21_642.jpg,1
img21_67.jpg,1
img21_8.jpg,1
img21_83.jpg,1
img21_84.jpg,1
img21_85.jpg,1
img21_86.jpg,1
img21_88.jpg,1
img21_89.jpg,1
img21_90.jpg,1
img21_91.jpg,1
img21_92.jpg,1
img21_94.jpg,1
img21_99.jpg,1
img22_118.jpg,1
img22_119.jpg,1
img22_125.jpg,1
img22_128.jpg,1
img22_132.jpg,1
img22_20.jpg,1
img22_23.jpg,1
img22_24.jpg,1
img22_27.jpg,1
img22_28.jpg,1
img22_3.jpg,1
img22_31.jpg,1
img22_32.jpg,1
img22_33.jpg,1
img22_36.jpg,1
img22_39.jpg,1
img22_42.jpg,1
img22_43.jpg,1
img22_46.jpg,1
img22_5.jpg,1
img22_51.jpg,1
img22_52.jpg,1
img22_53.jpg,1
img22_54.jpg,1
img22_55.jpg,1
img22_56.jpg,1
img22_57.jpg,1
img22_59.jpg,1
img22_61.jpg,1
img22_63.jpg,1
img22_64.jpg,1
img22_65.jpg,1
img22_66.jpg,1
img22_67.jpg,1
img22_7.jpg,1
img22_72.jpg,1
img22_74.jpg,1
img22_82.jpg,1
img22_83.jpg,1
img22_84.jpg,1
img22_85.jpg,1
img22_86.jpg,1
img22_9.jpg,1
img22_94.jpg,1
img22_95.jpg,1
img22_96.jpg,1
img22_97.jpg,1
img22_98.jpg,1
img22_99.jpg,1
img23_100.jpg,1
img23_102.jpg,1
img23_103.jpg,1
img23_104.jpg,1
img23_105.jpg,1
img23_107.jpg,1
img23_108.jpg,1
img23_11.jpg,1
img23_110.jpg,1
img23_111.jpg,1
img23_112.jpg,1
img23_115.jpg,1
img23_116.jpg,1
img23_117.jpg,1
img23_118.jpg,1
img23_119.jpg,1
img23_12.jpg,1
img23_121.jpg,1
img23_122.jpg,1
img23_123.jpg,1
img23_124.jpg,1
img23_125.jpg,1
img23_126.jpg,1
img23_128.jpg,1
img23_130.jpg,1
img23_132.jpg,1
img23_134.jpg,1
img23_135.jpg,1
img23_136.jpg,1
img23_137.jpg,1
img23_138.jpg,1
img23_14.jpg,1
img23_140.jpg,1
img23_144.jpg,1
img23_147.jpg,1
img23_150.jpg,1
img23_152.jpg,1
img23_156.jpg,1
img23_157.jpg,1
img23_159.jpg,1
img23_160.jpg,1
img23_161.jpg,1
img23_162.jpg,1
img23_163.jpg,1
img23_164.jpg,1
img23_166.jpg,1
img23_167.jpg,1
img23_170.jpg,1
img23_172.jpg,1
img23_173.jpg,1
img23_174.jpg,1
img23_175.jpg,1
img23_176.jpg,1
img23_178.jpg,1
img23_179.jpg,1
img23_18.jpg,1
img23_180.jpg,1
img23_181.jpg,1
img23_182.jpg,1
img23_183.jpg,1
img23_185.jpg,1
img23_186.jpg,1
img23_189.jpg,1
img23_190.jpg,1
img23_192.jpg,1
img23_193.jpg,1
img23_195.jpg,1
img23_196.jpg,1
img23_198.jpg,1
img23_199.jpg,1
img23_20.jpg,1
img23_200.jpg,1
img23_201.jpg,1
img23_202.jpg,1
img23_203.jpg,1
img23_204.jpg,1
img23_205.jpg,1
img23_206.jpg,1
img23_207.jpg,1
img23_208.jpg,1
img23_209.jpg,1
img23_21.jpg,1
img23_210.jpg,1
img23_211.jpg,1
img23_212.jpg,1
img23_214.jpg,1
img23_215.jpg,1
img23_216.jpg,1
img23_217.jpg,1
img23_218.jpg,1
img23_219.jpg,1
img23_22.jpg,1
img23_220.jpg,1
img23_221.jpg,1
img23_223.jpg,1
img23_224.jpg,1
img23_225.jpg,1
img23_226.jpg,1
img23_227.jpg,1
img23_228.jpg,1
img23_229.jpg,1
img23_230.jpg,1
img23_231.jpg,1
img23_232.jpg,1
img23_233.jpg,1
img23_234.jpg,1
img23_236.jpg,1
img23_238.jpg,1
img23_239.jpg,1
img23_24.jpg,1
img23_240.jpg,1
img23_241.jpg,1
img23_242.jpg,1
img23_243.jpg,1
img23_245.jpg,1
img23_246.jpg,1
img23_247.jpg,1
img23_248.jpg,1
img23_249.jpg,1
img23_25.jpg,1
img23_250.jpg,1
img23_27.jpg,1
img23_28.jpg,1
img23_32.jpg,1
img23_33.jpg,1
img23_34.jpg,1
img23_35.jpg,1
img23_37.jpg,1
img23_39.jpg,1
img23_4.jpg,1
img23_40.jpg,1
img23_42.jpg,1
img23_43.jpg,1
img23_44.jpg,1
img23_46.jpg,1
img23_48.jpg,1
img23_49.jpg,1
img23_5.jpg,1
img23_51.jpg,1
img23_55.jpg,1
img23_59.jpg,1
img23_62.jpg,1
img23_63.jpg,1
img23_64.jpg,1
img23_66.jpg,1
img23_69.jpg,1
img23_70.jpg,1
img23_71.jpg,1
img23_72.jpg,1
img23_73.jpg,1
img23_74.jpg,1
img23_75.jpg,1
img23_76.jpg,1
img23_77.jpg,1
img23_78.jpg,1
img23_80.jpg,1
img23_81.jpg,1
img23_82.jpg,1
img23_83.jpg,1
img23_85.jpg,1
img23_86.jpg,1
img23_87.jpg,1
img23_88.jpg,1
img23_90.jpg,1
img23_93.jpg,1
img23_97.jpg,1
img23_98.jpg,1
img23_99.jpg,1
img2_10.jpg,1
img2_101.jpg,1
img2_102.jpg,1
img2_103.jpg,1
img2_104.jpg,1
img2_105.jpg,1
img2_106.jpg,1
img2_109.jpg,1
img2_11.jpg,1
img2_110.jpg,1
img2_111.jpg,1
img2_115.jpg,1
img2_117.jpg,1
img2_118.jpg,1
img2_119.jpg,1
img2_12.jpg,1
img2_120.jpg,1
img2_123.jpg,1
img2_124.jpg,1
img2_125.jpg,1
img2_126.jpg,1
img2_127.jpg,1
img2_128.jpg,1
img2_129.jpg,1
img2_13.jpg,1
img2_130.jpg,1
img2_131.jpg,1
img2_132.jpg,1
img2_133.jpg,1
img2_14.jpg,1
img2_15.jpg,1
img2_16.jpg,1
img2_17.jpg,1
img2_18.jpg,1
img2_19.jpg,1
img2_20.jpg,1
img2_23.jpg,1
img2_24.jpg,1
img2_25.jpg,1
img2_28.jpg,1
img2_29.jpg,1
img2_30.jpg,1
img2_31.jpg,1
img2_32.jpg,1
img2_35.jpg,1
img2_36.jpg,1
img2_41.jpg,1
img2_42.jpg,1
img2_43.jpg,1
img2_45.jpg,1
img2_46.jpg,1
img2_48.jpg,1
img2_49.jpg,1
img2_5.jpg,1
img2_50.jpg,1
img2_51.jpg,1
img2_52.jpg,1
img2_54.jpg,1
img2_55.jpg,1
img2_57.jpg,1
img2_6.jpg,1
img2_60.jpg,1
img2_63.jpg,1
img2_64.jpg,1
img2_66.jpg,1
img2_68.jpg,1
img2_69.jpg,1
img2_7.jpg,1
img2_71.jpg,1
img2_72.jpg,1
img2_74.jpg,1
img2_75.jpg,1
img2_76.jpg,1
img2_79.jpg,1
img2_8.jpg,1
img2_80.jpg,1
img2_81.jpg,1
img2_83.jpg,1
img2_84.jpg,1
img2_85.jpg,1
img2_86.jpg,1
img2_87.jpg,1
img2_88.jpg,1
img2_89.jpg,1
img2_90.jpg,1
img2_91.jpg,1
img2_92.jpg,1
img2_93.jpg,1
img2_94.jpg,1
img2_95.jpg,1
img2_97.jpg,1
img2_98.jpg,1
img2_99.jpg,1
img3_1.jpg,1
img3_10.jpg,1
img3_100.jpg,1
img3_101.jpg,1
img3_102.jpg,1
img3_105.jpg,1
img3_106.jpg,1
img3_107.jpg,1
img3_109.jpg,1
img3_110.jpg,1
img3_112.jpg,1
img3_115.jpg,1
img3_118.jpg,1
img3_119.jpg,1
img3_122.jpg,1
img3_123.jpg,1
img3_124.jpg,1
img3_125.jpg,1
img3_129.jpg,1
img3_131.jpg,1
img3_136.jpg,1
img3_139.jpg,1
img3_140.jpg,1
img3_144.jpg,1
img3_147.jpg,1
img3_148.jpg,1
img3_149.jpg,1
img3_150.jpg,1
img3_151.jpg,1
img3_152.jpg,1
img3_153.jpg,1
img3_154.jpg,1
img3_155.jpg,1
img3_156.jpg,1
img3_157.jpg,1
img3_158.jpg,1
img3_159.jpg,1
img3_164.jpg,1
img3_165.jpg,1
img3_169.jpg,1
img3_170.jpg,1
img3_171.jpg,1
img3_172.jpg,1
img3_174.jpg,1
img3_18.jpg,1
img3_180.jpg,1
img3_181.jpg,1
img3_182.jpg,1
img3_183.jpg,1
img3_184.jpg,1
img3_185.jpg,1
img3_186.jpg,1
img3_187.jpg,1
img3_188.jpg,1
img3_190.jpg,1
img3_191.jpg,1
img3_193.jpg,1
img3_194.jpg,1
img3_195.jpg,1
img3_2.jpg,1
img3_20.jpg,1
img3_200.jpg,1
img3_201.jpg,1
img3_202.jpg,1
img3_205.jpg,1
img3_206.jpg,1
img3_210.jpg,1
img3_212.jpg,1
img3_213.jpg,1
img3_215.jpg,1
img3_216.jpg,1
img3_218.jpg,1
img3_219.jpg,1
img3_22.jpg,1
img3_221.jpg,1
img3_226.jpg,1
img3_227.jpg,1
img3_23.jpg,1
img3_230.jpg,1
img3_231.jpg,1
img3_234.jpg,1
img3_235.jpg,1
img3_237.jpg,1
img3_238.jpg,1
img3_24.jpg,1
img3_241.jpg,1
img3_28.jpg,1
img3_3.jpg,1
img3_31.jpg,1
img3_32.jpg,1
img3_33.jpg,1
img3_34.jpg,1
img3_38.jpg,1
img3_4.jpg,1
img3_41.jpg,1
img3_42.jpg,1
img3_44.jpg,1
img3_45.jpg,1
img3_47.jpg,1
img3_49.jpg,1
img3_5.jpg,1
img3_50.jpg,1
img3_51.jpg,1
img3_52.jpg,1
img3_53.jpg,1
img3_57.jpg,1
img3_58.jpg,1
img3_59.jpg,1
img3_60.jpg,1
img3_64.jpg,1
img3_65.jpg,1
img3_67.jpg,1
img3_68.jpg,1
img3_69.jpg,1
img3_71.jpg,1
img3_72.jpg,1
img3_73.jpg,1
img3_75.jpg,1
img3_79.jpg,1
img3_8.jpg,1
img3_83.jpg,1
img3_84.jpg,1
img3_9.jpg,1
img3_90.jpg,1
img3_93.jpg,1
img3_94.jpg,1
img3_95.jpg,1
img3_96.jpg,1
img3_97.jpg,1
img4_1.jpg,1
img4_102.jpg,1
img4_104.jpg,1
img4_105.jpg,1
img4_106.jpg,1
img4_107.jpg,1
img4_108.jpg,1
img4_113.jpg,1
img4_117.jpg,1
img4_118.jpg,1
img4_121.jpg,1
img4_123.jpg,1
img4_125.jpg,1
img4_128.jpg,1
img4_130.jpg,1
img4_131.jpg,1
img4_133.jpg,1
img4_134.jpg,1
img4_135.jpg,1
img4_136.jpg,1
img4_138.jpg,1
img4_140.jpg,1
img4_149.jpg,1
img4_15.jpg,1
img4_151.jpg,1
img4_152.jpg,1
img4_153.jpg,1
img4_16.jpg,1
img4_21.jpg,1
img4_22.jpg,1
img4_26.jpg,1
img4_3.jpg,1
img4_38.jpg,1
img4_4.jpg,1
img4_40.jpg,1
img4_44.jpg,1
img4_45.jpg,1
img4_48.jpg,1
img4_5.jpg,1
img4_52.jpg,1
img4_53.jpg,1
img4_54.jpg,1
img4_55.jpg,1
img4_57.jpg,1
img4_64.jpg,1
img4_65.jpg,1
img4_67.jpg,1
img4_68.jpg,1
img4_7.jpg,1
img4_70.jpg,1
img4_71.jpg,1
img4_75.jpg,1
img4_76.jpg,1
img4_77.jpg,1
img4_8.jpg,1
img4_81.jpg,1
img4_85.jpg,1
img4_87.jpg,1
img4_89.jpg,1
img4_92.jpg,1
img4_93.jpg,1
img4_94.jpg,1
img4_97.jpg,1
img4_98.jpg,1
img4_99.jpg,1
img5_100.jpg,1
img5_102.jpg,1
img5_103.jpg,1
img5_106.jpg,1
img5_107.jpg,1
img5_108.jpg,1
img5_109.jpg,1
img5_11.jpg,1
img5_110.jpg,1
img5_111.jpg,1
img5_112.jpg,1
img5_113.jpg,1
img5_114.jpg,1
img5_115.jpg,1
img5_116.jpg,1
img5_117.jpg,1
img5_119.jpg,1
img5_121.jpg,1
img5_122.jpg,1
img5_123.jpg,1
img5_124.jpg,1
img5_125.jpg,1
img5_126.jpg,1
img5_127.jpg,1
img5_129.jpg,1
img5_13.jpg,1
img5_139.jpg,1
img5_140.jpg,1
img5_141.jpg,1
img5_142.jpg,1
img5_143.jpg,1
img5_144.jpg,1
img5_146.jpg,1
img5_147.jpg,1
img5_148.jpg,1
img5_149.jpg,1
img5_15.jpg,1
img5_150.jpg,1
img5_151.jpg,1
img5_152.jpg,1
img5_153.jpg,1
img5_154.jpg,1
img5_155.jpg,1
img5_156.jpg,1
img5_157.jpg,1
img5_158.jpg,1
img5_160.jpg,1
img5_161.jpg,1
img5_162.jpg,1
img5_165.jpg,1
img5_167.jpg,1
img5_169.jpg,1
img5_17.jpg,1
img5_170.jpg,1
img5_171.jpg,1
img5_172.jpg,1
img5_173.jpg,1
img5_174.jpg,1
img5_175.jpg,1
img5_176.jpg,1
img5_178.jpg,1
img5_179.jpg,1
img5_180.jpg,1
img5_181.jpg,1
img5_182.jpg,1
img5_185.jpg,1
img5_186.jpg,1
img5_189.jpg,1
img5_19.jpg,1
img5_190.jpg,1
img5_192.jpg,1
img5_193.jpg,1
img5_194.jpg,1
img5_195.jpg,1
img5_196.jpg,1
img5_197.jpg,1
img5_198.jpg,1
img5_199.jpg,1
img5_2.jpg,1
img5_20.jpg,1
img5_200.jpg,1
img5_203.jpg,1
img5_204.jpg,1
img5_205.jpg,1
img5_206.jpg,1
img5_207.jpg,1
img5_209.jpg,1
img5_213.jpg,1
img5_214.jpg,1
img5_215.jpg,1
img5_216.jpg,1
img5_217.jpg,1
img5_218.jpg,1
img5_25.jpg,1
img5_26.jpg,1
img5_27.jpg,1
img5_28.jpg,1
img5_3.jpg,1
img5_32.jpg,1
img5_33.jpg,1
img5_34.jpg,1
img5_35.jpg,1
img5_38.jpg,1
img5_40.jpg,1
img5_42.jpg,1
img5_43.jpg,1
img5_44.jpg,1
img5_45.jpg,1
img5_46.jpg,1
img5_47.jpg,1
img5_49.jpg,1
img5_5.jpg,1
img5_50.jpg,1
img5_53.jpg,1
img5_56.jpg,1
img5_57.jpg,1
img5_58.jpg,1
img5_59.jpg,1
img5_6.jpg,1
img5_60.jpg,1
img5_61.jpg,1
img5_62.jpg,1
img5_63.jpg,1
img5_64.jpg,1
img5_66.jpg,1
img5_67.jpg,1
img5_68.jpg,1
img5_69.jpg,1
img5_7.jpg,1
img5_70.jpg,1
img5_71.jpg,1
img5_72.jpg,1
img5_73.jpg,1
img5_76.jpg,1
img5_77.jpg,1
img5_78.jpg,1
img5_8.jpg,1
img5_80.jpg,1
img5_81.jpg,1
img5_83.jpg,1
img5_86.jpg,1
img5_88.jpg,1
img5_89.jpg,1
img5_9.jpg,1
img5_90.jpg,1
img5_96.jpg,1
img5_97.jpg,1
img5_99.jpg,1
img6_103.jpg,1
img6_104.jpg,1
img6_105.jpg,1
img6_106.jpg,1
img6_11.jpg,1
img6_110.jpg,1
img6_113.jpg,1
img6_114.jpg,1
img6_116.jpg,1
img6_117.jpg,1
img6_119.jpg,1
img6_120.jpg,1
img6_121.jpg,1
img6_122.jpg,1
img6_126.jpg,1
img6_129.jpg,1
img6_13.jpg,1
img6_130.jpg,1
img6_131.jpg,1
img6_132.jpg,1
img6_133.jpg,1
img6_135.jpg,1
img6_136.jpg,1
img6_14.jpg,1
img6_140.jpg,1
img6_141.jpg,1
img6_143.jpg,1
img6_144.jpg,1
img6_147.jpg,1
img6_149.jpg,1
img6_15.jpg,1
img6_18.jpg,1
img6_19.jpg,1
img6_21.jpg,1
img6_25.jpg,1
img6_28.jpg,1
img6_3.jpg,1
img6_31.jpg,1
img6_33.jpg,1
img6_34.jpg,1
img6_35.jpg,1
img6_37.jpg,1
img6_40.jpg,1
img6_41.jpg,1
img6_43.jpg,1
img6_44.jpg,1
img6_45.jpg,1
img6_46.jpg,1
img6_48.jpg,1
img6_52.jpg,1
img6_54.jpg,1
img6_57.jpg,1
img6_58.jpg,1
img6_59.jpg,1
img6_6.jpg,1
img6_61.jpg,1
img6_63.jpg,1
img6_64.jpg,1
img6_67.jpg,1
img6_68.jpg,1
img6_69.jpg,1
img6_71.jpg,1
img6_73.jpg,1
img6_77.jpg,1
img6_79.jpg,1
img6_8.jpg,1
img6_81.jpg,1
img6_83.jpg,1
img6_86.jpg,1
img6_88.jpg,1
img6_93.jpg,1
img6_96.jpg,1
img6_97.jpg,1
img6_98.jpg,1
img7_1.jpg,1
img7_100.jpg,1
img7_103.jpg,1
img7_104.jpg,1
img7_105.jpg,1
img7_106.jpg,1
img7_107.jpg,1
img7_11.jpg,1
img7_110.jpg,1
img7_112.jpg,1
img7_114.jpg,1
img7_115.jpg,1
img7_116.jpg,1
img7_117.jpg,1
img7_118.jpg,1
img7_121.jpg,1
img7_123.jpg,1
img7_124.jpg,1
img7_129.jpg,1
img7_130.jpg,1
img7_131.jpg,1
img7_132.jpg,1
img7_133.jpg,1
img7_134.jpg,1
img7_136.jpg,1
img7_137.jpg,1
img7_138.jpg,1
img7_139.jpg,1
img7_140.jpg,1
img7_141.jpg,1
img7_144.jpg,1
img7_145.jpg,1
img7_147.jpg,1
img7_148.jpg,1
img7_150.jpg,1
img7_151.jpg,1
img7_152.jpg,1
img7_153.jpg,1
img7_155.jpg,1
img7_156.jpg,1
img7_157.jpg,1
img7_158.jpg,1
img7_16.jpg,1
img7_160.jpg,1
img7_163.jpg,1
img7_166.jpg,1
img7_167.jpg,1
img7_168.jpg,1
img7_169.jpg,1
img7_171.jpg,1
img7_172.jpg,1
img7_177.jpg,1
img7_179.jpg,1
img7_18.jpg,1
img7_180.jpg,1
img7_181.jpg,1
img7_183.jpg,1
img7_188.jpg,1
img7_189.jpg,1
img7_190.jpg,1
img7_193.jpg,1
img7_197.jpg,1
img7_199.jpg,1
img7_201.jpg,1
img7_203.jpg,1
img7_207.jpg,1
img7_208.jpg,1
img7_209.jpg,1
img7_21.jpg,1
img7_210.jpg,1
img7_215.jpg,1
img7_216.jpg,1
img7_220.jpg,1
img7_225.jpg,1
img7_227.jpg,1
img7_231.jpg,1
img7_235.jpg,1
img7_238.jpg,1
img7_24.jpg,1
img7_240.jpg,1
img7_243.jpg,1
img7_244.jpg,1
img7_25.jpg,1
img7_4.jpg,1
img7_47.jpg,1
img7_50.jpg,1
img7_55.jpg,1
img7_56.jpg,1
img7_57.jpg,1
img7_60.jpg,1
img7_61.jpg,1
img7_63.jpg,1
img7_65.jpg,1
img7_66.jpg,1
img7_7.jpg,1
img7_70.jpg,1
img7_73.jpg,1
img7_76.jpg,1
img7_78.jpg,1
img7_79.jpg,1
img7_82.jpg,1
img7_83.jpg,1
img7_87.jpg,1
img7_89.jpg,1
img7_91.jpg,1
img7_92.jpg,1
img7_93.jpg,1
img7_95.jpg,1
img7_96.jpg,1
img7_98.jpg,1
img8_1.jpg,1
img8_10.jpg,1
img8_100.jpg,1
img8_101.jpg,1
img8_102.jpg,1
img8_103.jpg,1
img8_104.jpg,1
img8_105.jpg,1
img8_106.jpg,1
img8_107.jpg,1
img8_108.jpg,1
img8_109.jpg,1
img8_11.jpg,1
img8_110.jpg,1
img8_111.jpg,1
img8_112.jpg,1
img8_113.jpg,1
img8_114.jpg,1
img8_115.jpg,1
img8_116.jpg,1
img8_117.jpg,1
img8_118.jpg,1
img8_119.jpg,1
img8_120.jpg,1
img8_123.jpg,1
img8_124.jpg,1
img8_125.jpg,1
img8_127.jpg,1
img8_13.jpg,1
img8_131.jpg,1
img8_132.jpg,1
img8_133.jpg,1
img8_134.jpg,1
img8_135.jpg,1
img8_136.jpg,1
img8_139.jpg,1
img8_140.jpg,1
img8_141.jpg,1
img8_142.jpg,1
img8_143.jpg,1
img8_144.jpg,1
img8_145.jpg,1
img8_146.jpg,1
img8_147.jpg,1
img8_148.jpg,1
img8_149.jpg,1
img8_15.jpg,1
img8_150.jpg,1
img8_151.jpg,1
img8_152.jpg,1
img8_153.jpg,1
img8_155.jpg,1
img8_156.jpg,1
img8_157.jpg,1
img8_158.jpg,1
img8_159.jpg,1
img8_16.jpg,1
img8_162.jpg,1
img8_163.jpg,1
img8_164.jpg,1
img8_165.jpg,1
img8_166.jpg,1
img8_17.jpg,1
img8_174.jpg,1
img8_177.jpg,1
img8_178.jpg,1
img8_181.jpg,1
img8_182.jpg,1
img8_183.jpg,1
img8_187.jpg,1
img8_19.jpg,1
img8_191.jpg,1
img8_2.jpg,1
img8_20.jpg,1
img8_202.jpg,1
img8_203.jpg,1
img8_206.jpg,1
img8_207.jpg,1
img8_21.jpg,1
img8_210.jpg,1
img8_22.jpg,1
img8_23.jpg,1
img8_238.jpg,1
img8_239.jpg,1
img8_24.jpg,1
img8_243.jpg,1
img8_244.jpg,1
img8_245.jpg,1
img8_246.jpg,1
img8_248.jpg,1
img8_254.jpg,1
img8_26.jpg,1
img8_265.jpg,1
img8_276.jpg,1
img8_277.jpg,1
img8_278.jpg,1
img8_279.jpg,1
img8_28.jpg,1
img8_280.jpg,1
img8_29.jpg,1
img8_30.jpg,1
img8_301.jpg,1
img8_302.jpg,1
img8_303.jpg,1
img8_304.jpg,1
img8_305.jpg,1
img8_306.jpg,1
img8_307.jpg,1
img8_308.jpg,1
img8_309.jpg,1
img8_310.jpg,1
img8_311.jpg,1
img8_313.jpg,1
img8_314.jpg,1
img8_316.jpg,1
img8_317.jpg,1
img8_33.jpg,1
img8_34.jpg,1
img8_35.jpg,1
img8_36.jpg,1
img8_37.jpg,1
img8_38.jpg,1
img8_39.jpg,1
img8_4.jpg,1
img8_40.jpg,1
img8_41.jpg,1
img8_42.jpg,1
img8_45.jpg,1
img8_46.jpg,1
img8_47.jpg,1
img8_48.jpg,1
img8_49.jpg,1
img8_5.jpg,1
img8_50.jpg,1
img8_51.jpg,1
img8_52.jpg,1
img8_53.jpg,1
img8_54.jpg,1
img8_55.jpg,1
img8_56.jpg,1
img8_57.jpg,1
img8_58.jpg,1
img8_6.jpg,1
img8_60.jpg,1
img8_61.jpg,1
img8_62.jpg,1
img8_64.jpg,1
img8_68.jpg,1
img8_7.jpg,1
img8_70.jpg,1
img8_71.jpg,1
img8_72.jpg,1
img8_73.jpg,1
img8_74.jpg,1
img8_75.jpg,1
img8_76.jpg,1
img8_77.jpg,1
img8_78.jpg,1
img8_79.jpg,1
img8_80.jpg,1
img8_81.jpg,1
img8_82.jpg,1
img8_85.jpg,1
img8_88.jpg,1
img8_89.jpg,1
img8_9.jpg,1
img8_90.jpg,1
img8_92.jpg,1
img8_93.jpg,1
img8_94.jpg,1
img8_95.jpg,1
img8_96.jpg,1
img8_97.jpg,1
img8_98.jpg,1
img8_99.jpg,1
img9_1.jpg,1
img9_10.jpg,1
img9_101.jpg,1
img9_105.jpg,1
img9_106.jpg,1
img9_108.jpg,1
img9_111.jpg,1
img9_114.jpg,1
img9_115.jpg,1
img9_117.jpg,1
img9_119.jpg,1
img9_12.jpg,1
img9_123.jpg,1
img9_13.jpg,1
img9_14.jpg,1
img9_15.jpg,1
img9_16.jpg,1
img9_19.jpg,1
img9_20.jpg,1
img9_21.jpg,1
img9_22.jpg,1
img9_23.jpg,1
img9_25.jpg,1
img9_26.jpg,1
img9_27.jpg,1
img9_29.jpg,1
img9_3.jpg,1
img9_31.jpg,1
img9_32.jpg,1
img9_34.jpg,1
img9_35.jpg,1
img9_36.jpg,1
img9_37.jpg,1
img9_38.jpg,1
img9_39.jpg,1
img9_40.jpg,1
img9_41.jpg,1
img9_43.jpg,1
img9_45.jpg,1
img9_46.jpg,1
img9_48.jpg,1
img9_50.jpg,1
img9_53.jpg,1
img9_54.jpg,1
img9_58.jpg,1
img9_6.jpg,1
img9_63.jpg,1
img9_69.jpg,1
img9_70.jpg,1
img9_71.jpg,1
img9_73.jpg,1
img9_74.jpg,1
img9_75.jpg,1
img9_77.jpg,1
img9_78.jpg,1
img9_79.jpg,1
img9_83.jpg,1
img9_84.jpg,1
img9_85.jpg,1
img9_86.jpg,1
img9_87.jpg,1
img9_88.jpg,1
img9_89.jpg,1
img9_9.jpg,1
img9_91.jpg,1
img9_94.jpg,1
img9_96.jpg,1
img9_98.jpg,1
img9_99.jpg,1
img10_112.jpg,2
img10_16.jpg,2
img10_2.jpg,2
img10_21.jpg,2
img10_22.jpg,2
img10_24.jpg,2
img10_3.jpg,2
img10_30.jpg,2
img10_43.jpg,2
img10_44.jpg,2
img10_47.jpg,2
img10_59.jpg,2
img10_77.jpg,2
img10_78.jpg,2
img11_10.jpg,2
img11_100.jpg,2
img11_103.jpg,2
img11_104.jpg,2
img11_105.jpg,2
img11_106.jpg,2
img11_107.jpg,2
img11_108.jpg,2
img11_110.jpg,2
img11_111.jpg,2
img11_112.jpg,2
img11_113.jpg,2
img11_117.jpg,2
img11_119.jpg,2
img11_121.jpg,2
img11_122.jpg,2
img11_123.jpg,2
img11_125.jpg,2
img11_128.jpg,2
img11_13.jpg,2
img11_130.jpg,2
img11_131.jpg,2
img11_135.jpg,2
img11_138.jpg,2
img11_148.jpg,2
img11_151.jpg,2
img11_153.jpg,2
img11_155.jpg,2
img11_157.jpg,2
img11_159.jpg,2
img11_163.jpg,2
img11_164.jpg,2
img11_165.jpg,2
img11_168.jpg,2
img11_17.jpg,2
img11_172.jpg,2
img11_175.jpg,2
img11_177.jpg,2
img11_178.jpg,2
img11_18.jpg,2
img11_180.jpg,2
img11_181.jpg,2
img11_182.jpg,2
img11_183.jpg,2
img11_185.jpg,2
img11_188.jpg,2
img11_189.jpg,2
img11_19.jpg,2
img11_191.jpg,2
img11_192.jpg,2
img11_193.jpg,2
img11_194.jpg,2
img11_195.jpg,2
img11_196.jpg,2
img11_197.jpg,2
img11_198.jpg,2
img11_199.jpg,2
img11_2.jpg,2
img11_200.jpg,2
img11_201.jpg,2
img11_202.jpg,2
img11_205.jpg,2
img11_207.jpg,2
img11_208.jpg,2
img11_209.jpg,2
img11_21.jpg,2
img11_210.jpg,2
img11_211.jpg,2
img11_212.jpg,2
img11_213.jpg,2
img11_214.jpg,2
img11_215.jpg,2
img11_219.jpg,2
img11_221.jpg,2
img11_222.jpg,2
img11_223.jpg,2
img11_224.jpg,2
img11_225.jpg,2
img11_226.jpg,2
img11_227.jpg,2
img11_229.jpg,2
img11_230.jpg,2
img11_231.jpg,2
img11_233.jpg,2
img11_234.jpg,2
img11_235.jpg,2
img11_236.jpg,2
img11_237.jpg,2
img11_238.jpg,2
img11_239.jpg,2
img11_24.jpg,2
img11_240.jpg,2
img11_241.jpg,2
img11_242.jpg,2
img11_243.jpg,2
img11_244.jpg,2
img11_27.jpg,2
img11_31.jpg,2
img11_32.jpg,2
img11_33.jpg,2
img11_38.jpg,2
img11_53.jpg,2
img11_54.jpg,2
img11_55.jpg,2
img11_58.jpg,2
img11_59.jpg,2
img11_60.jpg,2
img11_63.jpg,2
img11_65.jpg,2
img11_67.jpg,2
img11_77.jpg,2
img11_79.jpg,2
img11_80.jpg,2
img11_82.jpg,2
img11_83.jpg,2
img11_84.jpg,2
img11_85.jpg,2
img11_86.jpg,2
img11_87.jpg,2
img11_89.jpg,2
img11_92.jpg,2
img11_97.jpg,2
img11_99.jpg,2
img12_120.jpg,2
img12_125.jpg,2
img12_13.jpg,2
img12_151.jpg,2
img12_16.jpg,2
img12_17.jpg,2
img12_175.jpg,2
img12_179.jpg,2
img12_196.jpg,2
img12_216.jpg,2
img12_220.jpg,2
img12_30.jpg,2
img12_62.jpg,2
img12_7.jpg,2
img12_8.jpg,2
img12_89.jpg,2
img12_9.jpg,2
img13_10.jpg,2
img13_102.jpg,2
img13_104.jpg,2
img13_106.jpg,2
img13_108.jpg,2
img13_109.jpg,2
img13_110.jpg,2
img13_112.jpg,2
img13_113.jpg,2
img13_114.jpg,2
img13_116.jpg,2
img13_117.jpg,2
img13_119.jpg,2
img13_12.jpg,2
img13_121.jpg,2
img13_125.jpg,2
img13_126.jpg,2
img13_129.jpg,2
img13_13.jpg,2
img13_131.jpg,2
img13_132.jpg,2
img13_133.jpg,2
img13_134.jpg,2
img13_135.jpg,2
img13_136.jpg,2
img13_137.jpg,2
img13_141.jpg,2
img13_142.jpg,2
img13_145.jpg,2
img13_147.jpg,2
img13_149.jpg,2
img13_15.jpg,2
img13_150.jpg,2
img13_151.jpg,2
img13_152.jpg,2
img13_153.jpg,2
img13_154.jpg,2
img13_155.jpg,2
img13_156.jpg,2
img13_158.jpg,2
img13_160.jpg,2
img13_161.jpg,2
img13_162.jpg,2
img13_163.jpg,2
img13_164.jpg,2
img13_165.jpg,2
img13_166.jpg,2
img13_167.jpg,2
img13_168.jpg,2
img13_169.jpg,2
img13_170.jpg,2
img13_173.jpg,2
img13_174.jpg,2
img13_175.jpg,2
img13_176.jpg,2
img13_177.jpg,2
img13_179.jpg,2
img13_180.jpg,2
img13_181.jpg,2
img13_183.jpg,2
img13_184.jpg,2
img13_185.jpg,2
img13_186.jpg,2
img13_188.jpg,2
img13_189.jpg,2
img13_19.jpg,2
img13_190.jpg,2
img13_191.jpg,2
img13_194.jpg,2
img13_195.jpg,2
img13_196.jpg,2
img13_199.jpg,2
img13_2.jpg,2
img13_20.jpg,2
img13_203.jpg,2
img13_204.jpg,2
img13_205.jpg,2
img13_208.jpg,2
img13_209.jpg,2
img13_210.jpg,2
img13_212.jpg,2
img13_214.jpg,2
img13_215.jpg,2
img13_216.jpg,2
img13_217.jpg,2
img13_220.jpg,2
img13_221.jpg,2
img13_222.jpg,2
img13_224.jpg,2
img13_227.jpg,2
img13_230.jpg,2
img13_232.jpg,2
img13_234.jpg,2
img13_235.jpg,2
img13_236.jpg,2
img13_240.jpg,2
img13_242.jpg,2
img13_243.jpg,2
img13_246.jpg,2
img13_247.jpg,2
img13_248.jpg,2
img13_249.jpg,2
img13_25.jpg,2
img13_251.jpg,2
img13_253.jpg,2
img13_255.jpg,2
img13_256.jpg,2
img13_260.jpg,2
img13_261.jpg,2
img13_262.jpg,2
img13_263.jpg,2
img13_264.jpg,2
img13_265.jpg,2
img13_267.jpg,2
img13_268.jpg,2
img13_269.jpg,2
img13_27.jpg,2
img13_270.jpg,2
img13_271.jpg,2
img13_272.jpg,2
img13_273.jpg,2
img13_274.jpg,2
img13_275.jpg,2
img13_276.jpg,2
img13_277.jpg,2
img13_279.jpg,2
img13_28.jpg,2
img13_281.jpg,2
img13_282.jpg,2
img13_283.jpg,2
img13_285.jpg,2
img13_290.jpg,2
img13_291.jpg,2
img13_292.jpg,2
img13_293.jpg,2
img13_294.jpg,2
img13_295.jpg,2
img13_296.jpg,2
img13_297.jpg,2
img13_298.jpg,2
img13_30.jpg,2
img13_300.jpg,2
img13_301.jpg,2
img13_302.jpg,2
img13_303.jpg,2
img13_304.jpg,2
img13_305.jpg,2
img13_306.jpg,2
img13_308.jpg,2
img13_309.jpg,2
img13_31.jpg,2
img13_310.jpg,2
img13_312.jpg,2
img13_313.jpg,2
img13_33.jpg,2
img13_34.jpg,2
img13_36.jpg,2
img13_37.jpg,2
img13_38.jpg,2
img13_39.jpg,2
img13_4.jpg,2
img13_40.jpg,2
img13_48.jpg,2
img13_49.jpg,2
img13_50.jpg,2
img13_52.jpg,2
img13_53.jpg,2
img13_55.jpg,2
img13_58.jpg,2
img13_60.jpg,2
img13_62.jpg,2
img13_63.jpg,2
img13_64.jpg,2
img13_65.jpg,2
img13_69.jpg,2
img13_7.jpg,2
img13_70.jpg,2
img13_73.jpg,2
img13_74.jpg,2
img13_75.jpg,2
img13_77.jpg,2
img13_78.jpg,2
img13_79.jpg,2
img13_8.jpg,2
img13_82.jpg,2
img13_83.jpg,2
img13_85.jpg,2
img13_86.jpg,2
img13_9.jpg,2
img13_92.jpg,2
img14_101.jpg,2
img14_102.jpg,2
img14_108.jpg,2
img14_109.jpg,2
img14_11.jpg,2
img14_111.jpg,2
img14_112.jpg,2
img14_113.jpg,2
img14_114.jpg,2
img14_117.jpg,2
img14_118.jpg,2
img14_119.jpg,2
img14_12.jpg,2
img14_120.jpg,2
img14_121.jpg,2
img14_122.jpg,2
img14_123.jpg,2
img14_126.jpg,2
img14_128.jpg,2
img14_131.jpg,2
img14_132.jpg,2
img14_134.jpg,2
img14_135.jpg,2
img14_136.jpg,2
img14_137.jpg,2
img14_14.jpg,2
img14_141.jpg,2
img14_142.jpg,2
img14_143.jpg,2
img14_144.jpg,2
img14_145.jpg,2
img14_146.jpg,2
img14_147.jpg,2
img14_148.jpg,2
img14_149.jpg,2
img14_15.jpg,2
img14_150.jpg,2
img14_151.jpg,2
img14_153.jpg,2
img14_154.jpg,2
img14_155.jpg,2
img14_157.jpg,2
img14_158.jpg,2
img14_16.jpg,2
img14_160.jpg,2
img14_161.jpg,2
img14_162.jpg,2
img14_163.jpg,2
img14_164.jpg,2
img14_166.jpg,2
img14_167.jpg,2
img14_168.jpg,2
img14_170.jpg,2
img14_173.jpg,2
img14_176.jpg,2
img14_178.jpg,2
img14_179.jpg,2
img14_180.jpg,2
img14_181.jpg,2
img14_182.jpg,2
img14_183.jpg,2
img14_184.jpg,2
img14_185.jpg,2
img14_186.jpg,2
img14_187.jpg,2
img14_188.jpg,2
img14_189.jpg,2
img14_190.jpg,2
img14_191.jpg,2
img14_192.jpg,2
img14_193.jpg,2
img14_195.jpg,2
img14_196.jpg,2
img14_199.jpg,2
img14_201.jpg,2
img14_202.jpg,2
img14_205.jpg,2
img14_207.jpg,2
img14_208.jpg,2
img14_209.jpg,2
img14_21.jpg,2
img14_210.jpg,2
img14_211.jpg,2
img14_213.jpg,2
img14_23.jpg,2
img14_25.jpg,2
img14_26.jpg,2
img14_27.jpg,2
img14_28.jpg,2
img14_29.jpg,2
img14_30.jpg,2
img14_31.jpg,2
img14_32.jpg,2
img14_33.jpg,2
img14_35.jpg,2
img14_36.jpg,2
img14_37.jpg,2
img14_38.jpg,2
img14_39.jpg,2
img14_40.jpg,2
img14_41.jpg,2
img14_42.jpg,2
img14_43.jpg,2
img14_44.jpg,2
img14_45.jpg,2
img14_46.jpg,2
img14_48.jpg,2
img14_49.jpg,2
img14_5.jpg,2
img14_50.jpg,2
img14_51.jpg,2
img14_52.jpg,2
img14_54.jpg,2
img14_55.jpg,2
img14_56.jpg,2
img14_57.jpg,2
img14_58.jpg,2
img14_59.jpg,2
img14_61.jpg,2
img14_62.jpg,2
img14_64.jpg,2
img14_67.jpg,2
img14_68.jpg,2
img14_69.jpg,2
img14_7.jpg,2
img14_70.jpg,2
img14_71.jpg,2
img14_72.jpg,2
img14_73.jpg,2
img14_74.jpg,2
img14_76.jpg,2
img14_77.jpg,2
img14_78.jpg,2
img14_79.jpg,2
img14_80.jpg,2
img14_82.jpg,2
img14_84.jpg,2
img14_85.jpg,2
img14_86.jpg,2
img14_88.jpg,2
img14_89.jpg,2
img14_90.jpg,2
img14_91.jpg,2
img14_92.jpg,2
img14_95.jpg,2
img14_97.jpg,2
img16_1.jpg,2
img16_11.jpg,2
img16_4.jpg,2
img16_5.jpg,2
img17_10.jpg,2
img17_103.jpg,2
img17_104.jpg,2
img17_105.jpg,2
img17_106.jpg,2
img17_107.jpg,2
img17_108.jpg,2
img17_11.jpg,2
img17_110.jpg,2
img17_111.jpg,2
img17_112.jpg,2
img17_114.jpg,2
img17_115.jpg,2
img17_116.jpg,2
img17_119.jpg,2
img17_12.jpg,2
img17_120.jpg,2
img17_122.jpg,2
img17_123.jpg,2
img17_124.jpg,2
img17_125.jpg,2
img17_127.jpg,2
img17_128.jpg,2
img17_129.jpg,2
img17_13.jpg,2
img17_130.jpg,2
img17_131.jpg,2
img17_132.jpg,2
img17_133.jpg,2
img17_135.jpg,2
img17_136.jpg,2
img17_137.jpg,2
img17_138.jpg,2
img17_139.jpg,2
img17_14.jpg,2
img17_140.jpg,2
img17_141.jpg,2
img17_144.jpg,2
img17_147.jpg,2
img17_148.jpg,2
img17_15.jpg,2
img17_150.jpg,2
img17_153.jpg,2
img17_156.jpg,2
img17_157.jpg,2
img17_158.jpg,2
img17_159.jpg,2
img17_161.jpg,2
img17_162.jpg,2
img17_163.jpg,2
img17_165.jpg,2
img17_17.jpg,2
img17_18.jpg,2
img17_19.jpg,2
img17_2.jpg,2
img17_20.jpg,2
img17_21.jpg,2
img17_22.jpg,2
img17_23.jpg,2
img17_24.jpg,2
img17_27.jpg,2
img17_3.jpg,2
img17_30.jpg,2
img17_31.jpg,2
img17_32.jpg,2
img17_33.jpg,2
img17_35.jpg,2
img17_38.jpg,2
img17_39.jpg,2
img17_4.jpg,2
img17_41.jpg,2
img17_43.jpg,2
img17_45.jpg,2
img17_46.jpg,2
img17_48.jpg,2
img17_49.jpg,2
img17_5.jpg,2
img17_50.jpg,2
img17_52.jpg,2
img17_53.jpg,2
img17_54.jpg,2
img17_55.jpg,2
img17_57.jpg,2
img17_58.jpg,2
img17_59.jpg,2
img17_6.jpg,2
img17_61.jpg,2
img17_64.jpg,2
img17_66.jpg,2
img17_67.jpg,2
img17_68.jpg,2
img17_7.jpg,2
img17_71.jpg,2
img17_72.jpg,2
img17_73.jpg,2
img17_74.jpg,2
img17_75.jpg,2
img17_78.jpg,2
img17_79.jpg,2
img17_8.jpg,2
img17_83.jpg,2
img17_84.jpg,2
img17_85.jpg,2
img17_86.jpg,2
img17_87.jpg,2
img17_9.jpg,2
img17_90.jpg,2
img17_91.jpg,2
img17_92.jpg,2
img17_93.jpg,2
img17_96.jpg,2
img17_98.jpg,2
img18_12.jpg,2
img18_13.jpg,2
img18_14.jpg,2
img18_15.jpg,2
img18_16.jpg,2
img18_18.jpg,2
img18_20.jpg,2
img18_22.jpg,2
img18_23.jpg,2
img18_24.jpg,2
img18_25.jpg,2
img18_27.jpg,2
img18_30.jpg,2
img18_32.jpg,2
img18_34.jpg,2
img18_35.jpg,2
img18_36.jpg,2
img18_37.jpg,2
img18_38.jpg,2
img18_40.jpg,2
img18_41.jpg,2
img18_42.jpg,2
img18_45.jpg,2
img18_46.jpg,2
img18_53.jpg,2
img18_54.jpg,2
img18_55.jpg,2
img18_56.jpg,2
img18_58.jpg,2
img18_59.jpg,2
img18_61.jpg,2
img18_62.jpg,2
img18_63.jpg,2
img18_64.jpg,2
img18_66.jpg,2
img18_67.jpg,2
img18_68.jpg,2
img18_69.jpg,2
img18_70.jpg,2
img18_73.jpg,2
img18_77.jpg,2
img18_9.jpg,2
img19_101.jpg,2
img19_108.jpg,2
img19_109.jpg,2
img19_111.jpg,2
img19_15.jpg,2
img19_25.jpg,2
img19_3.jpg,2
img19_30.jpg,2
img19_32.jpg,2
img19_33.jpg,2
img19_35.jpg,2
img19_4.jpg,2
img19_43.jpg,2
img19_45.jpg,2
img19_46.jpg,2
img19_51.jpg,2
img19_52.jpg,2
img19_53.jpg,2
img19_55.jpg,2
img19_56.jpg,2
img19_6.jpg,2
img19_65.jpg,2
img19_68.jpg,2
img19_69.jpg,2
img19_72.jpg,2
img19_73.jpg,2
img19_84.jpg,2
img19_88.jpg,2
img19_98.jpg,2
img19_99.jpg,2
img1_104.jpg,2
img1_106.jpg,2
img1_11.jpg,2
img1_111.jpg,2
img1_12.jpg,2
img1_135.jpg,2
img1_139.jpg,2
img1_14.jpg,2
img1_140.jpg,2
img1_142.jpg,2
img1_143.jpg,2
img1_144.jpg,2
img1_145.jpg,2
img1_146.jpg,2
img1_147.jpg,2
img1_148.jpg,2
img1_151.jpg,2
img1_153.jpg,2
img1_154.jpg,2
img1_155.jpg,2
img1_156.jpg,2
img1_159.jpg,2
img1_168.jpg,2
img1_170.jpg,2
img1_176.jpg,2
img1_178.jpg,2
img1_179.jpg,2
img1_19.jpg,2
img1_194.jpg,2
img1_198.jpg,2
img1_205.jpg,2
img1_206.jpg,2
img1_21.jpg,2
img1_218.jpg,2
img1_219.jpg,2
img1_22.jpg,2
img1_220.jpg,2
img1_222.jpg,2
img1_223.jpg,2
img1_232.jpg,2
img1_234.jpg,2
img1_235.jpg,2
img1_238.jpg,2
img1_24.jpg,2
img1_240.jpg,2
img1_241.jpg,2
img1_245.jpg,2
img1_246.jpg,2
img1_252.jpg,2
img1_3.jpg,2
img1_32.jpg,2
img1_33.jpg,2
img1_38.jpg,2
img1_4.jpg,2
img1_47.jpg,2
img1_62.jpg,2
img1_63.jpg,2
img1_64.jpg,2
img1_7.jpg,2
img1_72.jpg,2
img1_8.jpg,2
img1_89.jpg,2
img1_9.jpg,2
img1_91.jpg,2
img1_92.jpg,2
img1_94.jpg,2
img20_1.jpg,2
img20_100.jpg,2
img20_101.jpg,2
img20_107.jpg,2
img20_108.jpg,2
img20_111.jpg,2
img20_112.jpg,2
img20_113.jpg,2
img20_117.jpg,2
img20_118.jpg,2
img20_121.jpg,2
img20_122.jpg,2
img20_124.jpg,2
img20_125.jpg,2
img20_126.jpg,2
img20_127.jpg,2
img20_132.jpg,2
img20_134.jpg,2
img20_136.jpg,2
img20_137.jpg,2
img20_138.jpg,2
img20_139.jpg,2
img20_14.jpg,2
img20_140.jpg,2
img20_144.jpg,2
img20_146.jpg,2
img20_15.jpg,2
img20_150.jpg,2
img20_151.jpg,2
img20_152.jpg,2
img20_159.jpg,2
img20_165.jpg,2
img20_166.jpg,2
img20_167.jpg,2
img20_172.jpg,2
img20_173.jpg,2
img20_174.jpg,2
img20_177.jpg,2
img20_178.jpg,2
img20_179.jpg,2
img20_180.jpg,2
img20_181.jpg,2
img20_188.jpg,2
img20_19.jpg,2
img20_192.jpg,2
img20_194.jpg,2
img20_195.jpg,2
img20_196.jpg,2
img20_197.jpg,2
img20_20.jpg,2
img20_21.jpg,2
img20_23.jpg,2
img20_24.jpg,2
img20_25.jpg,2
img20_26.jpg,2
img20_27.jpg,2
img20_29.jpg,2
img20_3.jpg,2
img20_31.jpg,2
img20_32.jpg,2
img20_33.jpg,2
img20_34.jpg,2
img20_35.jpg,2
img20_36.jpg,2
img20_37.jpg,2
img20_38.jpg,2
img20_39.jpg,2
img20_40.jpg,2
img20_41.jpg,2
img20_44.jpg,2
img20_45.jpg,2
img20_46.jpg,2
img20_47.jpg,2
img20_49.jpg,2
img20_50.jpg,2
img20_51.jpg,2
img20_52.jpg,2
img20_54.jpg,2
img20_56.jpg,2
img20_57.jpg,2
img20_62.jpg,2
img20_63.jpg,2
img20_64.jpg,2
img20_67.jpg,2
img20_70.jpg,2
img20_72.jpg,2
img20_74.jpg,2
img20_76.jpg,2
img20_78.jpg,2
img20_79.jpg,2
img20_8.jpg,2
img20_82.jpg,2
img20_83.jpg,2
img20_84.jpg,2
img20_85.jpg,2
img20_87.jpg,2
img20_89.jpg,2
img20_9.jpg,2
img20_93.jpg,2
img20_96.jpg,2
img20_98.jpg,2
img20_99.jpg,2
img21_102.jpg,2
img21_107.jpg,2
img21_111.jpg,2
img21_112.jpg,2
img21_113.jpg,2
img21_114.jpg,2
img21_116.jpg,2
img21_117.jpg,2
img21_122.jpg,2
img21_124.jpg,2
img21_126.jpg,2
img21_127.jpg,2
img21_128.jpg,2
img21_129.jpg,2
img21_131.jpg,2
img21_132.jpg,2
img21_134.jpg,2
img21_135.jpg,2
img21_136.jpg,2
img21_137.jpg,2
img21_138.jpg,2
img21_139.jpg,2
img21_140.jpg,2
img21_143.jpg,2
img21_144.jpg,2
img21_145.jpg,2
img21_146.jpg,2
img21_147.jpg,2
img21_149.jpg,2
img21_150.jpg,2
img21_152.jpg,2
img21_153.jpg,2
img21_154.jpg,2
img21_155.jpg,2
img21_157.jpg,2
img21_158.jpg,2
img21_160.jpg,2
img21_164.jpg,2
img21_169.jpg,2
img21_175.jpg,2
img21_178.jpg,2
img21_179.jpg,2
img21_198.jpg,2
img21_20.jpg,2
img21_201.jpg,2
img21_204.jpg,2
img21_206.jpg,2
img21_211.jpg,2
img21_214.jpg,2
img21_215.jpg,2
img21_216.jpg,2
img21_217.jpg,2
img21_218.jpg,2
img21_219.jpg,2
img21_22.jpg,2
img21_221.jpg,2
img21_223.jpg,2
img21_224.jpg,2
img21_225.jpg,2
img21_228.jpg,2
img21_232.jpg,2
img21_236.jpg,2
img21_238.jpg,2
img21_245.jpg,2
img21_248.jpg,2
img21_250.jpg,2
img21_254.jpg,2
img21_255.jpg,2
img21_256.jpg,2
img21_260.jpg,2
img21_261.jpg,2
img21_262.jpg,2
img21_276.jpg,2
img21_279.jpg,2
img21_282.jpg,2
img21_284.jpg,2
img21_287.jpg,2
img21_288.jpg,2
img21_291.jpg,2
img21_295.jpg,2
img21_296.jpg,2
img21_297.jpg,2
img21_299.jpg,2
img21_300.jpg,2
img21_301.jpg,2
img21_302.jpg,2
img21_303.jpg,2
img21_304.jpg,2
img21_305.jpg,2
img21_306.jpg,2
img21_309.jpg,2
img21_311.jpg,2
img21_314.jpg,2
img21_319.jpg,2
img21_320.jpg,2
img21_321.jpg,2
img21_323.jpg,2
img21_325.jpg,2
img21_328.jpg,2
img21_335.jpg,2
img21_336.jpg,2
img21_337.jpg,2
img21_338.jpg,2
img21_339.jpg,2
img21_340.jpg,2
img21_341.jpg,2
img21_345.jpg,2
img21_346.jpg,2
img21_347.jpg,2
img21_349.jpg,2
img21_350.jpg,2
img21_351.jpg,2
img21_352.jpg,2
img21_353.jpg,2
img21_354.jpg,2
img21_355.jpg,2
img21_356.jpg,2
img21_357.jpg,2
img21_359.jpg,2
img21_360.jpg,2
img21_363.jpg,2
img21_366.jpg,2
img21_367.jpg,2
img21_370.jpg,2
img21_371.jpg,2
img21_373.jpg,2
img21_375.jpg,2
img21_376.jpg,2
img21_377.jpg,2
img21_378.jpg,2
img21_379.jpg,2
img21_380.jpg,2
img21_382.jpg,2
img21_383.jpg,2
img21_384.jpg,2
img21_385.jpg,2
img21_386.jpg,2
img21_387.jpg,2
img21_388.jpg,2
img21_390.jpg,2
img21_393.jpg,2
img21_394.jpg,2
img21_395.jpg,2
img21_396.jpg,2
img21_397.jpg,2
img21_406.jpg,2
img21_407.jpg,2
img21_413.jpg,2
img21_415.jpg,2
img21_417.jpg,2
img21_418.jpg,2
img21_420.jpg,2
img21_421.jpg,2
img21_424.jpg,2
img21_425.jpg,2
img21_426.jpg,2
img21_427.jpg,2
img21_430.jpg,2
img21_431.jpg,2
img21_432.jpg,2
img21_434.jpg,2
img21_438.jpg,2
img21_439.jpg,2
img21_440.jpg,2
img21_441.jpg,2
img21_444.jpg,2
img21_445.jpg,2
img21_446.jpg,2
img21_447.jpg,2
img21_448.jpg,2
img21_449.jpg,2
img21_450.jpg,2
img21_451.jpg,2
img21_452.jpg,2
img21_453.jpg,2
img21_454.jpg,2
img21_455.jpg,2
img21_456.jpg,2
img21_457.jpg,2
img21_459.jpg,2
img21_460.jpg,2
img21_461.jpg,2
img21_462.jpg,2
img21_463.jpg,2
img21_465.jpg,2
img21_466.jpg,2
img21_468.jpg,2
img21_469.jpg,2
img21_470.jpg,2
img21_471.jpg,2
img21_475.jpg,2
img21_476.jpg,2
img21_479.jpg,2
img21_481.jpg,2
img21_482.jpg,2
img21_483.jpg,2
img21_484.jpg,2
img21_485.jpg,2
img21_486.jpg,2
img21_487.jpg,2
img21_488.jpg,2
img21_489.jpg,2
img21_491.jpg,2
img21_492.jpg,2
img21_493.jpg,2
img21_495.jpg,2
img21_496.jpg,2
img21_499.jpg,2
img21_500.jpg,2
img21_501.jpg,2
img21_502.jpg,2
img21_503.jpg,2
img21_504.jpg,2
img21_507.jpg,2
img21_510.jpg,2
img21_511.jpg,2
img21_512.jpg,2
img21_513.jpg,2
img21_515.jpg,2
img21_518.jpg,2
img21_521.jpg,2
img21_524.jpg,2
img21_525.jpg,2
img21_526.jpg,2
img21_528.jpg,2
img21_529.jpg,2
img21_530.jpg,2
img21_531.jpg,2
img21_534.jpg,2
img21_535.jpg,2
img21_536.jpg,2
img21_539.jpg,2
img21_540.jpg,2
img21_541.jpg,2
img21_543.jpg,2
img21_544.jpg,2
img21_546.jpg,2
img21_547.jpg,2
img21_548.jpg,2
img21_549.jpg,2
img21_559.jpg,2
img21_561.jpg,2
img21_562.jpg,2
img21_564.jpg,2
img21_565.jpg,2
img21_566.jpg,2
img21_567.jpg,2
img21_568.jpg,2
img21_570.jpg,2
img21_572.jpg,2
img21_574.jpg,2
img21_575.jpg,2
img21_576.jpg,2
img21_577.jpg,2
img21_578.jpg,2
img21_579.jpg,2
img21_580.jpg,2
img21_582.jpg,2
img21_583.jpg,2
img21_584.jpg,2
img21_586.jpg,2
img21_587.jpg,2
img21_590.jpg,2
img21_591.jpg,2
img21_592.jpg,2
img21_593.jpg,2
img21_594.jpg,2
img21_595.jpg,2
img21_596.jpg,2
img21_598.jpg,2
img21_599.jpg,2
img21_600.jpg,2
img21_601.jpg,2
img21_602.jpg,2
img21_603.jpg,2
img21_606.jpg,2
img21_607.jpg,2
img21_608.jpg,2
img21_609.jpg,2
img21_611.jpg,2
img21_612.jpg,2
img21_613.jpg,2
img21_614.jpg,2
img21_616.jpg,2
img21_618.jpg,2
img21_621.jpg,2
img21_623.jpg,2
img21_624.jpg,2
img21_627.jpg,2
img21_628.jpg,2
img21_629.jpg,2
img21_630.jpg,2
img21_631.jpg,2
img21_632.jpg,2
img21_633.jpg,2
img21_634.jpg,2
img21_636.jpg,2
img21_637.jpg,2
img21_638.jpg,2
img21_639.jpg,2
img21_64.jpg,2
img21_640.jpg,2
img21_641.jpg,2
img21_66.jpg,2
img21_7.jpg,2
img21_72.jpg,2
img21_82.jpg,2
img21_87.jpg,2
img21_9.jpg,2
img21_93.jpg,2
img21_95.jpg,2
img21_96.jpg,2
img21_97.jpg,2
img21_98.jpg,2
img22_1.jpg,2
img22_13.jpg,2
img22_14.jpg,2
img22_15.jpg,2
img22_17.jpg,2
img22_29.jpg,2
img22_34.jpg,2
img22_35.jpg,2
img22_37.jpg,2
img22_38.jpg,2
img22_45.jpg,2
img22_48.jpg,2
img22_49.jpg,2
img22_50.jpg,2
img22_58.jpg,2
img22_60.jpg,2
img22_62.jpg,2
img22_78.jpg,2
img22_8.jpg,2
img22_93.jpg,2
img23_1.jpg,2
img23_101.jpg,2
img23_109.jpg,2
img23_113.jpg,2
img23_114.jpg,2
img23_120.jpg,2
img23_127.jpg,2
img23_129.jpg,2
img23_13.jpg,2
img23_131.jpg,2
img23_133.jpg,2
img23_139.jpg,2
img23_141.jpg,2
img23_142.jpg,2
img23_143.jpg,2
img23_145.jpg,2
img23_146.jpg,2
img23_148.jpg,2
img23_149.jpg,2
img23_15.jpg,2
img23_154.jpg,2
img23_155.jpg,2
img23_158.jpg,2
img23_16.jpg,2
img23_165.jpg,2
img23_168.jpg,2
img23_169.jpg,2
img23_17.jpg,2
img23_171.jpg,2
img23_184.jpg,2
img23_187.jpg,2
img23_188.jpg,2
img23_19.jpg,2
img23_191.jpg,2
img23_194.jpg,2
img23_197.jpg,2
img23_222.jpg,2
img23_23.jpg,2
img23_235.jpg,2
img23_244.jpg,2
img23_26.jpg,2
img23_29.jpg,2
img23_3.jpg,2
img23_30.jpg,2
img23_31.jpg,2
img23_36.jpg,2
img23_41.jpg,2
img23_45.jpg,2
img23_47.jpg,2
img23_50.jpg,2
img23_52.jpg,2
img23_53.jpg,2
img23_54.jpg,2
img23_56.jpg,2
img23_57.jpg,2
img23_58.jpg,2
img23_6.jpg,2
img23_65.jpg,2
img23_67.jpg,2
img23_68.jpg,2
img23_7.jpg,2
img23_79.jpg,2
img23_8.jpg,2
img23_84.jpg,2
img23_89.jpg,2
img23_91.jpg,2
img23_92.jpg,2
img23_94.jpg,2
img23_96.jpg,2
img2_100.jpg,2
img2_107.jpg,2
img2_108.jpg,2
img2_112.jpg,2
img2_113.jpg,2
img2_114.jpg,2
img2_116.jpg,2
img2_121.jpg,2
img2_122.jpg,2
img2_2.jpg,2
img2_21.jpg,2
img2_22.jpg,2
img2_33.jpg,2
img2_37.jpg,2
img2_38.jpg,2
img2_39.jpg,2
img2_40.jpg,2
img2_53.jpg,2
img2_58.jpg,2
img2_59.jpg,2
img2_65.jpg,2
img2_67.jpg,2
img2_70.jpg,2
img2_77.jpg,2
img2_82.jpg,2
img2_9.jpg,2
img2_96.jpg,2
img3_103.jpg,2
img3_104.jpg,2
img3_108.jpg,2
img3_11.jpg,2
img3_111.jpg,2
img3_113.jpg,2
img3_114.jpg,2
img3_116.jpg,2
img3_117.jpg,2
img3_12.jpg,2
img3_120.jpg,2
img3_121.jpg,2
img3_126.jpg,2
img3_127.jpg,2
img3_128.jpg,2
img3_13.jpg,2
img3_130.jpg,2
img3_133.jpg,2
img3_134.jpg,2
img3_135.jpg,2
img3_137.jpg,2
img3_138.jpg,2
img3_14.jpg,2
img3_142.jpg,2
img3_143.jpg,2
img3_145.jpg,2
img3_146.jpg,2
img3_15.jpg,2
img3_16.jpg,2
img3_160.jpg,2
img3_161.jpg,2
img3_162.jpg,2
img3_163.jpg,2
img3_166.jpg,2
img3_167.jpg,2
img3_168.jpg,2
img3_17.jpg,2
img3_173.jpg,2
img3_175.jpg,2
img3_176.jpg,2
img3_177.jpg,2
img3_178.jpg,2
img3_179.jpg,2
img3_189.jpg,2
img3_192.jpg,2
img3_196.jpg,2
img3_197.jpg,2
img3_198.jpg,2
img3_199.jpg,2
img3_203.jpg,2
img3_207.jpg,2
img3_208.jpg,2
img3_209.jpg,2
img3_21.jpg,2
img3_211.jpg,2
img3_214.jpg,2
img3_217.jpg,2
img3_220.jpg,2
img3_222.jpg,2
img3_223.jpg,2
img3_224.jpg,2
img3_225.jpg,2
img3_228.jpg,2
img3_229.jpg,2
img3_232.jpg,2
img3_233.jpg,2
img3_236.jpg,2
img3_239.jpg,2
img3_240.jpg,2
img3_25.jpg,2
img3_26.jpg,2
img3_27.jpg,2
img3_29.jpg,2
img3_30.jpg,2
img3_35.jpg,2
img3_36.jpg,2
img3_37.jpg,2
img3_39.jpg,2
img3_40.jpg,2
img3_43.jpg,2
img3_46.jpg,2
img3_48.jpg,2
img3_54.jpg,2
img3_55.jpg,2
img3_56.jpg,2
img3_6.jpg,2
img3_61.jpg,2
img3_63.jpg,2
img3_66.jpg,2
img3_7.jpg,2
img3_70.jpg,2
img3_74.jpg,2
img3_76.jpg,2
img3_77.jpg,2
img3_78.jpg,2
img3_80.jpg,2
img3_81.jpg,2
img3_82.jpg,2
img3_85.jpg,2
img3_86.jpg,2
img3_87.jpg,2
img3_88.jpg,2
img3_89.jpg,2
img3_91.jpg,2
img3_92.jpg,2
img3_98.jpg,2
img3_99.jpg,2
img4_100.jpg,2
img4_103.jpg,2
img4_109.jpg,2
img4_110.jpg,2
img4_111.jpg,2
img4_112.jpg,2
img4_114.jpg,2
img4_115.jpg,2
img4_116.jpg,2
img4_119.jpg,2
img4_12.jpg,2
img4_120.jpg,2
img4_122.jpg,2
img4_124.jpg,2
img4_126.jpg,2
img4_127.jpg,2
img4_129.jpg,2
img4_132.jpg,2
img4_137.jpg,2
img4_139.jpg,2
img4_14.jpg,2
img4_141.jpg,2
img4_142.jpg,2
img4_143.jpg,2
img4_144.jpg,2
img4_145.jpg,2
img4_146.jpg,2
img4_147.jpg,2
img4_148.jpg,2
img4_150.jpg,2
img4_154.jpg,2
img4_17.jpg,2
img4_18.jpg,2
img4_19.jpg,2
img4_2.jpg,2
img4_20.jpg,2
img4_23.jpg,2
img4_24.jpg,2
img4_25.jpg,2
img4_27.jpg,2
img4_28.jpg,2
img4_29.jpg,2
img4_30.jpg,2
img4_31.jpg,2
img4_32.jpg,2
img4_33.jpg,2
img4_34.jpg,2
img4_35.jpg,2
img4_36.jpg,2
img4_37.jpg,2
img4_39.jpg,2
img4_41.jpg,2
img4_42.jpg,2
img4_43.jpg,2
img4_46.jpg,2
img4_47.jpg,2
img4_49.jpg,2
img4_50.jpg,2
img4_51.jpg,2
img4_56.jpg,2
img4_58.jpg,2
img4_59.jpg,2
img4_60.jpg,2
img4_61.jpg,2
img4_62.jpg,2
img4_63.jpg,2
img4_69.jpg,2
img4_72.jpg,2
img4_73.jpg,2
img4_74.jpg,2
img4_78.jpg,2
img4_79.jpg,2
img4_80.jpg,2
img4_82.jpg,2
img4_83.jpg,2
img4_84.jpg,2
img4_86.jpg,2
img4_88.jpg,2
img4_9.jpg,2
img4_91.jpg,2
img5_1.jpg,2
img5_10.jpg,2
img5_120.jpg,2
img5_128.jpg,2
img5_145.jpg,2
img5_159.jpg,2
img5_177.jpg,2
img5_18.jpg,2
img5_183.jpg,2
img5_184.jpg,2
img5_187.jpg,2
img5_191.jpg,2
img5_201.jpg,2
img5_202.jpg,2
img5_21.jpg,2
img5_210.jpg,2
img5_211.jpg,2
img5_212.jpg,2
img5_23.jpg,2
img5_24.jpg,2
img5_29.jpg,2
img5_31.jpg,2
img5_36.jpg,2
img5_37.jpg,2
img5_4.jpg,2
img5_48.jpg,2
img5_51.jpg,2
img5_52.jpg,2
img5_54.jpg,2
img5_75.jpg,2
img5_79.jpg,2
img5_82.jpg,2
img5_84.jpg,2
img5_85.jpg,2
img5_87.jpg,2
img5_91.jpg,2
img5_92.jpg,2
img5_93.jpg,2
img5_94.jpg,2
img5_95.jpg,2
img6_1.jpg,2
img6_10.jpg,2
img6_100.jpg,2
img6_101.jpg,2
img6_102.jpg,2
img6_107.jpg,2
img6_108.jpg,2
img6_109.jpg,2
img6_111.jpg,2
img6_112.jpg,2
img6_115.jpg,2
img6_118.jpg,2
img6_12.jpg,2
img6_123.jpg,2
img6_124.jpg,2
img6_125.jpg,2
img6_127.jpg,2
img6_128.jpg,2
img6_134.jpg,2
img6_137.jpg,2
img6_138.jpg,2
img6_139.jpg,2
img6_142.jpg,2
img6_145.jpg,2
img6_146.jpg,2
img6_148.jpg,2
img6_16.jpg,2
img6_17.jpg,2
img6_2.jpg,2
img6_20.jpg,2
img6_22.jpg,2
img6_23.jpg,2
img6_24.jpg,2
img6_26.jpg,2
img6_27.jpg,2
img6_29.jpg,2
img6_30.jpg,2
img6_32.jpg,2
img6_36.jpg,2
img6_38.jpg,2
img6_39.jpg,2
img6_4.jpg,2
img6_42.jpg,2
img6_49.jpg,2
img6_5.jpg,2
img6_50.jpg,2
img6_51.jpg,2
img6_53.jpg,2
img6_55.jpg,2
img6_60.jpg,2
img6_65.jpg,2
img6_66.jpg,2
img6_70.jpg,2
img6_72.jpg,2
img6_74.jpg,2
img6_75.jpg,2
img6_76.jpg,2
img6_78.jpg,2
img6_80.jpg,2
img6_82.jpg,2
img6_84.jpg,2
img6_85.jpg,2
img6_87.jpg,2
img6_89.jpg,2
img6_9.jpg,2
img6_90.jpg,2
img6_91.jpg,2
img6_92.jpg,2
img6_94.jpg,2
img6_95.jpg,2
img6_99.jpg,2
img7_10.jpg,2
img7_101.jpg,2
img7_102.jpg,2
img7_108.jpg,2
img7_109.jpg,2
img7_111.jpg,2
img7_113.jpg,2
img7_119.jpg,2
img7_12.jpg,2
img7_120.jpg,2
img7_125.jpg,2
img7_126.jpg,2
img7_127.jpg,2
img7_13.jpg,2
img7_135.jpg,2
img7_14.jpg,2
img7_142.jpg,2
img7_143.jpg,2
img7_146.jpg,2
img7_15.jpg,2
img7_154.jpg,2
img7_159.jpg,2
img7_161.jpg,2
img7_162.jpg,2
img7_164.jpg,2
img7_165.jpg,2
img7_170.jpg,2
img7_173.jpg,2
img7_174.jpg,2
img7_175.jpg,2
img7_176.jpg,2
img7_178.jpg,2
img7_182.jpg,2
img7_185.jpg,2
img7_186.jpg,2
img7_187.jpg,2
img7_19.jpg,2
img7_191.jpg,2
img7_192.jpg,2
img7_194.jpg,2
img7_195.jpg,2
img7_196.jpg,2
img7_198.jpg,2
img7_2.jpg,2
img7_20.jpg,2
img7_202.jpg,2
img7_204.jpg,2
img7_205.jpg,2
img7_206.jpg,2
img7_211.jpg,2
img7_212.jpg,2
img7_213.jpg,2
img7_214.jpg,2
img7_217.jpg,2
img7_218.jpg,2
img7_219.jpg,2
img7_22.jpg,2
img7_221.jpg,2
img7_222.jpg,2
img7_223.jpg,2
img7_224.jpg,2
img7_226.jpg,2
img7_228.jpg,2
img7_229.jpg,2
img7_23.jpg,2
img7_230.jpg,2
img7_232.jpg,2
img7_233.jpg,2
img7_236.jpg,2
img7_237.jpg,2
img7_239.jpg,2
img7_241.jpg,2
img7_242.jpg,2
img7_245.jpg,2
img7_246.jpg,2
img7_247.jpg,2
img7_248.jpg,2
img7_249.jpg,2
img7_250.jpg,2
img7_26.jpg,2
img7_27.jpg,2
img7_28.jpg,2
img7_29.jpg,2
img7_3.jpg,2
img7_30.jpg,2
img7_31.jpg,2
img7_32.jpg,2
img7_33.jpg,2
img7_34.jpg,2
img7_35.jpg,2
img7_36.jpg,2
img7_37.jpg,2
img7_38.jpg,2
img7_39.jpg,2
img7_40.jpg,2
img7_42.jpg,2
img7_44.jpg,2
img7_45.jpg,2
img7_46.jpg,2
img7_48.jpg,2
img7_49.jpg,2
img7_5.jpg,2
img7_51.jpg,2
img7_52.jpg,2
img7_53.jpg,2
img7_58.jpg,2
img7_59.jpg,2
img7_6.jpg,2
img7_62.jpg,2
img7_67.jpg,2
img7_68.jpg,2
img7_69.jpg,2
img7_71.jpg,2
img7_72.jpg,2
img7_74.jpg,2
img7_75.jpg,2
img7_77.jpg,2
img7_8.jpg,2
img7_80.jpg,2
img7_81.jpg,2
img7_84.jpg,2
img7_85.jpg,2
img7_86.jpg,2
img7_90.jpg,2
img7_97.jpg,2
img7_99.jpg,2
img8_126.jpg,2
img8_128.jpg,2
img8_129.jpg,2
img8_130.jpg,2
img8_138.jpg,2
img8_160.jpg,2
img8_240.jpg,2
img8_25.jpg,2
img8_27.jpg,2
img8_32.jpg,2
img8_43.jpg,2
img8_87.jpg,2
img9_100.jpg,2
img9_102.jpg,2
img9_103.jpg,2
img9_104.jpg,2
img9_109.jpg,2
img9_11.jpg,2
img9_110.jpg,2
img9_112.jpg,2
img9_113.jpg,2
img9_116.jpg,2
img9_118.jpg,2
img9_120.jpg,2
img9_121.jpg,2
img9_122.jpg,2
img9_17.jpg,2
img9_18.jpg,2
img9_2.jpg,2
img9_28.jpg,2
img9_30.jpg,2
img9_33.jpg,2
img9_4.jpg,2
img9_42.jpg,2
img9_47.jpg,2
img9_49.jpg,2
img9_5.jpg,2
img9_51.jpg,2
img9_52.jpg,2
img9_55.jpg,2
img9_56.jpg,2
img9_57.jpg,2
img9_59.jpg,2
img9_60.jpg,2
img9_61.jpg,2
img9_62.jpg,2
img9_64.jpg,2
img9_66.jpg,2
img9_67.jpg,2
img9_68.jpg,2
img9_7.jpg,2
img9_72.jpg,2
img9_76.jpg,2
img9_8.jpg,2
img9_80.jpg,2
img9_81.jpg,2
img9_82.jpg,2
img9_90.jpg,2
img9_92.jpg,2
img9_93.jpg,2
img9_95.jpg,2
img9_97.jpg,2
